# Names for swkotor.exe (Steam, unpacked), ours to commit. One row per address:
# addr<TAB>name<TAB>prototype<TAB>comment. Name may be Class::Method. Prototype is
# a C declaration (for __thiscall leave out `this`) or, for data, a type. Apply with
# `python kotor/tools/py/rex.py apply`. See kotor/docs/re/README.md.
addr	name	prototype	comment
0x004010c0	CModuleTransition::CModuleTransition		0x3c block at CAppManager+0x14: flags at +0/+4/+8/+0xc/+0x10/+0x14 and three CExoStrings (module, waypoint, ...); name descriptive (low)
0x00401160	CAppManager::CAppManager		allocates the 0x40000 scratch buffer, CClientExoApp, two 0x184 tables and the 0x3c module-transition block; server created later (high)
0x00401280	CAppManager::DestroyServer		shuts down and deletes the CServerExoApp at +8 (high)
0x004012c0	CAppManager::~CAppManager		deletes client, server and the owned blocks (high)
0x00401380	CAppManager::CreateServer		deletes any old CServerExoApp, constructs a new one and initialises it; called from new/load game paths (high)
0x00401440	UpdateWindowTitle		sets the main window title from the version-info strings (internal name, copyright) (med)
0x00401510	PumpWindowMessages		drains the Win32 queue with Peek/Get/Translate/Dispatch; WM_QUIT sets g_bQuit; stored in g_pfnPumpMessages for long loads (high)
0x004015b0	SaveAndDisableScreenSaverSetting		reads SPI 0x5e and disables it for the session, original kept in 0x007a3ca8 (med)
0x00401610	SaveAndDisableLowPowerSetting		reads SPI 0x10 (screen saver active), disables it, original kept in 0x007a3cac (med)
0x00401700	ParseCommandLine	void ParseCommandLine(int argc, void * argv)	handles -ecf/-epf (capture files), -epr (rate), -epm on the client (med)
0x00401a30	CinematicBackdropThread		thread proc used during a mode switch: shows a black "KotorCin" window until signalled (med)
0x00401bb0	GL_SetDefaultState	void GL_SetDefaultState()	black clear colour; enables cull, depth test, lighting, texture 2D, blend (src-alpha, 1-src-alpha) and alpha test (high)
0x00401c10	RenderLoadingFrame	void RenderLoadingFrame(float fDeltaTime, int bTickServer, int bNoRender)	renders a GUI-only frame (clear, GUI manager render, console, SwapBuffers), pumps messages, optionally ticks the server, updates sound; used by module loading (high)
0x00402240	HandleCharMessage	int HandleCharMessage(int nChar)	WM_CHAR path: the backquote key (language dependent) toggles the cheat console when EnableCheats=1, other chars go to the console line (med)
0x004024f0	HandleKeyDownMessage	int HandleKeyDownMessage(void * hWnd, int nVKey, uint lParam)	WM_KEYDOWN path: optional input recording, arrow keys inside the console, IME process key (med)
0x00402800	MainWndProc		window procedure of both app windows: focus/activate, close, cheat console keys, mouse messages forwarded to CExoInput with y flipped, IME messages (high)
0x004036f0	CreateRenderWindow	void CreateRenderWindow(void * hInstance)	registers class "Render Window" and creates the child render window stored in g_hRenderWindow (high)
0x00403800	SetVideoMode	void SetVideoMode(int nWidth, int nHeight, uint nBpp, int bFullscreen, int bNotifyClient)	recreates the render window and GL context through g_pDisplay (+8), honours VBO ini switches, restores clear colour, input and movie state (med)
0x00403cf0	EnterMovieVideoMode		raises thread priority and switches the display mode before a movie plays (low)
0x00403de0	LeaveMovieVideoMode		restores the ini display mode after movies; also posted as message 0x40a (low)
0x00403f20	CreateMainWindow	void * CreateMainWindow(void * hInstance)	reads version info, registers the Exo window class with WndProc 0x00402800, creates the outer window, then the render window (high)
0x004041f0	WinMain		called by the CRT entry 0x006fb38d with GetModuleHandle(NULL); single-instance mutex, ini, app manager, window, client init, main loop, shutdown (high)
0x00404b00	CSWGuiPanel::SetAlpha	void SetAlpha(float fAlpha)	clamps to 0..1 and stores at +0x4c (high)
0x00404b60	GL_Ortho		thin glOrtho wrapper (high)
0x00404bb0	CExoMoviePlayerInternal::CloseMovie		BinkClose, BinkBufferClose, destroys the movie window (high)
0x00404c40	CExoMoviePlayerInternal::Skip	void Skip(int bSkipAll, int bForce)	(med)
0x00404c80	CExoMoviePlayerInternal::PlayFrames		BinkDoFrame/CopyToBuffer/Blit/NextFrame/Wait loop until the last frame or a skip; pumps messages (high)
0x00404dd0	FoldedGetter_0x30	void * __thiscall F(void)	linker-folded getter returning the dword at this+0x30; used as CExoMoviePlayerInternal::IsPlaying and as the CRes data pointer getter for 2DA/NCS/LYT text (after the header) (high)
0x00405190	CExoMoviePlayerInternal::MovieWndProc		movie window procedure: Esc or primary click skips, Alt+Enter or deactivation stop playback, Alt+F4 closes the game (high)
0x004053e0	CExoMoviePlayerInternal::OpenMovie	int OpenMovie(void * sMovie)	replaces the auto name: opens the SWMovieWindow over the render window, BinkOpen of MOVIES:<name>.bik through Miles, BinkBuffer with centring/scaling; its error text reuses the constructor name (high)
0x00405a50	CExoMoviePlayerInternal::~CExoMoviePlayerInternal		signals and joins the movie thread, closes the movie (high)
0x00405b30	CExoMoviePlayerInternal::MovieThreadProc		waits on the event, then opens and plays each queued movie in turn (high)
0x00405d70	CExoMoviePlayerInternal::CExoMoviePlayerInternal		creates the event and the movie thread (proc 0x00405b30) (high)
0x00405e50	CExoMoviePlayerInternal::PlayMoviesAsync		auto: named by its string at 0x0073d810
0x00405ed0	CResRef::CResRef		zero 16-byte name (high)
0x00405ef0	CResRef::CResRefFromChars	void * CResRefFromChars(char * p, int nLength)	copies up to 16 chars and zero-fills; used for GFF CResRef fields (high)
0x00405f70	CResRef::GetResRefStr	void GetResRefStr(void * sOut)	the name as a CExoString (high)
0x00405fb0	CResRef::CopyToString	void CopyToString(char * p17)	the name as a NUL-terminated char[17] (high)
0x00405fe0	CResRef::GetResRefCStr	char * GetResRefCStr()	the name in one of four rotating static buffers at 0x007a3d00 (high)
0x00406030	CResRef::IsValid	int IsValid()	first character non-zero (high)
0x00406040	CResRef::GetLength	int GetLength()	characters before the first NUL, at most 16 (high)
0x00406060	CResRef::NotEqualsCStr	int NotEqualsCStr(char * p)	negated EqualsCStr; used as "not the empty resref" (high)
0x004060b0	CResRef::operator==	int Equals(void * pOther)	16-byte compare (high)
0x004060d0	CResRef::EqualsCStr	int EqualsCStr(char * p)	case-insensitive compare with a C string (high)
0x00406120	CResRef::operator=	void Assign(void * pOut, void * pOther)	copy with lower-casing (high)
0x00406170	CResRef::SetFromBuffer	void SetFromBuffer(void * pOut, void * p16)	assign from a 16-byte field, lower-cased, zero-filled after the first NUL (high)
0x004061f0	CResRef::SetFromExoString	void SetFromExoString(void * pOut, void * s)	assign from a CExoString, lower-cased (high)
0x00406290	CResRef::SetFromCStr	void SetFromCStr(void * pOut, char * p)	assign from a C string, lower-cased (high)
0x00406460	CRes::CRes		base resource: vtable 0x0073d86c, id -1, no data, zero counts (high)
0x004064a0	CRes::GetData	void * GetData()	folded getter of +0x10 (med)
0x004064b0	CRes::GetDemands	int GetDemands()	demand count at +4 (high)
0x004064f0	CExoResMan::StartModuleLoad	void StartModuleLoad(void * sModule, int bModule, int bFromSave)	stores the request at +0x4c..+0x58, state 1, resumes the loader thread (high)
0x00406540	CExoResMan::FreeResourceData	void FreeResourceData(void * pRes)	frees the data block (unless it points into a resident RIM image) and returns its size to the budget (med)
0x004065a0	CExoResMan::GetResRefFromFile	void GetResRefFromFile(void * pResRef, void * sFile)	characters before the first '.', cut to 16 (high)
0x00406650	CExoResMan::GetResTypeFromFile	int GetResTypeFromFile(void * sFile)	three characters after the first '.' through the type table; 0xFFFF if unknown (high)
0x00406720	CExoKeyTable::IsModuleBlueprintType	int IsModuleBlueprintType(int nType)	true for nss, ncs, are, uti, utc, dlg, itp, utt, uts, ute, utd, utp, gic, utm, jrl, utw, pth (low)
0x004067b0	CExoResMan::GetFreeDiskSpace	int GetFreeDiskSpace(void * sDir, void * pBytes)	GetDiskFreeSpaceExA on the resolved directory (high)
0x004068c0	CExoResMan::CreateDirectory	int CreateDirectory(void * sDir)	resolves the alias, CreateDirectoryA (high)
0x00406990	CExoResMan::CopyFile	int CopyFile(void * sFrom, void * sTo, int nTypeFrom, int nTypeTo)	whole-file copy between alias paths (med)
0x00406b20	CExoResMan::RemoveFile	int RemoveFile(void * sName, int nType)	alias+type to a path, clears read-only, deletes; refuses directories (med)
0x00406d60	CResRef::CResRefFromExoString	void * CResRefFromExoString(void * s)	from a CExoString (high)
0x00406d80	CResRef::CResRefFromCStr	void * CResRefFromCStr(char * p)	from a C string, lower-cased, cut to 16 (high)
0x00406da0	CResRef::CResRefFromBuffer	void * CResRefFromBuffer(void * p16)	from a raw 16-byte archive field (high)
0x00406dc0	CResRef::operator!=	int NotEquals(void * pOther)	16-byte compare, negated (high)
0x00406e20	CExoResMan::AddKeyTable	int AddKeyTable(void * sName, int nKind, int nGroup)	kind 1 KEY, 2 directory, 3 ERF, 4 RIM; picks a free table id 1..63 tagged by kind, pushes the table at the head of the kind's list; same name again = rebuild (high)
0x00407020	CExoResMan::Free	int Free(void * pRes)	takes a CRes off the released list, calls its OnResourceFreed slot and frees its data (high)
0x004070a0	CExoResMan::FreeChunk	int FreeChunk()	frees released, undemanded resources from the released list, up to 1 MB per call (med)
0x004071a0	CExoResMan::FindKeyInTableList	int FindKeyInTableList(void * pList, void * pResRef, int nType, void * ppTable, void * ppEntry, int nGroup)	walks one table list from its head, skips disabled tables and other ERF groups, hash lookup per table (high)
0x00407230	CExoResMan::GetKeyEntry	int GetKeyEntry(void * pResRef, int nType, void * ppTable, void * ppEntry)	the lookup: directories, ERF group 1, RIMs, ERF group 2, KEY; first hit, newest table first in each list (high)
0x004072e0	CExoResMan::ListResourcesOfTypeInTableList	void * ListResourcesOfTypeInTableList(void * pList, int nType)	merges the per-table lists of one table list (med)
0x00407390	CExoResMan::ListResourcesOfType	void * ListResourcesOfType(int nType, int bEncapsulatedOnly)	resrefs of one type over ERFs (then RIMs, directories, KEYs) as a list of CExoString (med)
0x004074d0	CExoResMan::GetResObject	void * GetResObject(void * pResRef, int nType)	the CRes already attached to the key entry (bumps its helper count at +0x1c) or null (high)
0x00407680	CExoResMan::SetResObject	void SetResObject(void * pResRef, int nType, void * pRes)	attaches a new CRes to the key entry if it has none; copies the entry's resource id into it (high)
0x004076e0	CExoResMan::GetTable	void * GetTable(void * pRes)	the key table owning a CRes, from the kind bits (31..30) and table id bits (19..14) of its resource id (high)
0x00407780	CExoResMan::GetTableCount	int GetTableCount(void * pRes, int bAllTypes)	number of keys in the table that holds pRes, optionally skipping module blueprint types (med)
0x004077b0	CExoResMan::Malloc	int Malloc(void * pRes)	allocates the CRes data (frees released resources until the budget allows); optional 6-byte prefix or 10-byte tail (high)
0x00407830	CExoResMan::RemoveKeyTable	int RemoveKeyTable(void * sName, int nKind)	finds the table by name in the kind's list and destroys it (high)
0x004078f0	CExoResMan::ServiceFromDirectory	int ServiceFromDirectory(void * pRes, int bAsync)	opens <dir>\<resref>.<ext> and reads it whole (high)
0x00407bd0	CExoResMan::ServiceFromEncapsulated	int ServiceFromEncapsulated(void * pRes, int bAsync)	reads one entry of an ERF/MOD/SAV through the table's CExoEncapsulatedFile (high)
0x00407d50	CExoResMan::ServiceFromImage	int ServiceFromImage(void * pRes)	RIM: points the CRes at its bytes inside the resident image, no copy (high)
0x00407e00	CExoResMan::ServiceFromResFile	int ServiceFromResFile(void * pRes, int bAsync)	KEY/BIF: BIF index = id bits 29..20, BIF entry = bits 13..0 (high)
0x00407fe0	CExoResMan::UpdateKeyTable	int UpdateKeyTable(void * sName, int nKind)	rebuilds the named table in place, keeping live CRes objects (med)
0x00408080	CExoResMan::ReadRawFromDirectory	int ReadRawFromDirectory(void * pRes, int nSize, void * pBuffer)	(med)
0x004082d0	CExoResMan::ReadRawFromEncapsulated	int ReadRawFromEncapsulated(void * pRes, int nSize, void * pBuffer)	(med)
0x00408390	CExoResMan::ReadRawFromImage	int ReadRawFromImage(void * pRes, void * pBuffer)	(med)
0x00408450	CExoResMan::ReadRawFromResFile	int ReadRawFromResFile(void * pRes, int nSize, void * pBuffer)	(med)
0x00408530	CExoResMan::FinishAsyncRequest	int FinishAsyncRequest()	completes the in-flight async read: closes the file, marks serviced, calls OnResourceServiced, pops the queue (med)
0x00408620	CRes::Request	int Request()	async: appends to the resman request queue (tail) on the first request; request count at +6 (high)
0x00408670	CExoResMan::~CExoResMan		stops and joins the loader thread, frees the six lists (high)
0x004087a0	CExoResMan::AddEncapsulatedResourceFile	void AddEncapsulatedResourceFile(void * sName, int nGroup)	AddKeyTable(name, 3, group); group 1 is searched before RIMs, group 2 after (high)
0x004087c0	CExoResMan::AddResourceImageFile	void AddResourceImageFile(void * sName)	AddKeyTable(name, 4, 0): a RIM (high)
0x004087e0	CExoResMan::AddKeyTableFile	void AddKeyTableFile(void * sName)	AddKeyTable(name, 1, 0): a KEY/BIF set such as HD0:chitin (high)
0x00408800	CExoResMan::AddResourceDirectory	void AddResourceDirectory(void * sName)	AddKeyTable(name, 2, 0) (high)
0x00408820	CExoResMan::RemoveEncapsulatedResourceFile	void RemoveEncapsulatedResourceFile(void * sName)	RemoveKeyTable(name, 3) (high)
0x00408830	CExoResMan::RemoveResourceImageFile	int RemoveResourceImageFile(void * sName)	walks the RIM list by name and destroys the table (RemoveKeyTable(name, 4) inlined) (high)
0x004088c0	CExoResMan::RemoveKeyTableFile	void RemoveKeyTableFile(void * sName)	RemoveKeyTable(name, 1) (high)
0x004088d0	CExoResMan::RemoveResourceDirectory	void RemoveResourceDirectory(void * sName)	RemoveKeyTable(name, 2) (high)
0x004088e0	CExoResMan::UpdateResourceDirectory	void UpdateResourceDirectory(void * sName)	UpdateKeyTable(name, 2): re-scan a directory (med)
0x004088f0	CExoResMan::CancelRequest	int CancelRequest(void * pRes)	drops one async request; leaves the request queue at zero (high)
0x004089f0	CExoResMan::Demand	void * Demand(void * pRes)	synchronous load: if serviced bump the demand count and return the data, else service by container kind (or wait for the pending async read) (high)
0x00408b90	CExoResMan::Dump	void Dump(void * pRes)	frees the data now if nobody demands it, else marks it to be freed on the last release (med)
0x00408bc0	CExoResMan::Exists	int Exists(void * pResRef, int nType, void * pKind)	GetKeyEntry; optionally reports the container kind 1..4 of the hit (high)
0x00408c00	CExoResMan::ExistsInTableKind	int ExistsInTableKind(void * pResRef, int nType, int nKind)	lookup restricted to one container kind (med)
0x00408c60	CExoResMan::ListTableResourcesOfType	void * ListTableResourcesOfType(int nType, void * pRes)	resrefs of a type in the table that holds pRes, e.g. all of a type in the current module (med)
0x00408c90	CExoResMan::Release	int Release(void * pRes)	drops one demand; at zero the CRes goes to the head of the released list and keeps its data until memory is needed (high)
0x00408d40	CExoResMan::Update	void Update()	advances the head of the async request queue one step (med)
0x00408e30	CExoResMan::ReadRaw	int ReadRaw(void * pRes, int nSize, void * pBuffer)	copies a resource's bytes into a caller buffer, by container kind (med)
0x00408e90	CExoResMan::CleanDirectoryRecursive	int CleanDirectoryRecursive(void * sDir, int bFiles, int bRemoveDir, int bRecurse, int bAll)	deletes known-type files (or all), optionally subfolders and the folder itself (med)
0x00409460	CExoResMan::CleanDirectory	void CleanDirectory(void * sDir, int bAll, int bRecurse)	empties a directory and keeps it (med)
0x00409480	CExoResMan::RemoveDirectory	void RemoveDirectory(void * sDir, int bFiles, int bAll)	empties and removes a directory (med)
0x004094a0	CExoResMan::LoadModuleResources	void LoadModuleResources()	loader-thread body: mounts RIMS:<m>_a/_adx, MODULES:<m>.mod or <m>_s.rim, CURRENTGAME:<m>; result bits at +0x5c, state at +0x44 (high)
0x00409b00	CRes::CancelRequest	int CancelRequest()	forwards to CExoResMan::CancelRequest (high)
0x00409b10	CRes::Demand	void * Demand()	forwards to CExoResMan::Demand (high)
0x00409b20	CRes::ReadRaw	int ReadRaw(int nSize, void * pBuffer)	forwards to CExoResMan::ReadRaw (med)
0x00409b40	CRes::Dump	void Dump()	frees the data now or on the last release (med)
0x00409b80	CRes::Release	int Release()	forwards to CExoResMan::Release (high)
0x00409b90	CExoResMan::LoaderThreadProc		thread entry: LoadModuleResources under the lock, suspend, repeat until +0x48 is set (high)
0x00409bf0	CExoResMan::CExoResMan		creates the six table lists, sizes the memory budget from GlobalMemoryStatus (half of RAM, at least 16 MB), starts the suspended loader thread (high)
0x00409cf0	CExoResMan::ReleaseResObject	int ReleaseResObject(void * pRes)	drops one helper reference (+0x1c); at zero detaches the CRes from its key entry and dumps it; 0 = caller may delete it (med)
0x00409d40	CRes::~CRes		frees the data through the resman unless still demanded (then flags it) (high)
0x00409dc0	CSWGuiExtent::LoadFromGFF	void LoadFromGFF(void * pGFF, void * pStruct)	reads the EXTENT struct (LEFT, TOP, WIDTH, HEIGHT) into a rect (high)
0x00409e60	CSWGuiPanel::HandleInputEvent	void HandleInputEvent(int nEvent, int nValue)	forwards the event to the active control (med)
0x00409e90	CSWGuiObject::SetExtent	void SetExtent(void * pRect)	copies left, top, width, height to +4..+0x10 (high)
0x00409eb0	FoldedStub_00409eb0		linker-folded trivial function, also used outside the script commands; as a NWScript handler it serves: 321 GetLastAssociateCommand, 327 SetAssociateListenPatterns, 403 ExploreAreaForPlayer
0x00409f00	CSWGuiManager::LoadGuiSounds	void LoadGuiSounds()	reads guisounds.2da column SoundResRef into sound objects (high)
0x0040a0d0	CSWGuiManager::UnloadGuiSounds	void UnloadGuiSounds()	frees the guisounds table (high)
0x0040a140	CSWGuiManager::PlayGuiSound	void PlayGuiSound(int nSound)	plays entry n of the guisounds table (+0xa0, count byte +0xa4); 123 callers (high)
0x0040a170	CSWGuiManager::HandleLeftMouseUp	int HandleLeftMouseUp()	calls OnLeftMouseUp (+0x1c) on the control holding a left-button capture (med)
0x0040a1a0	CSWGuiManager::HandleRightMouseUp	int HandleRightMouseUp()	calls OnRightMouseUp (+0x24) on the control holding a right-button capture (med)
0x0040a1c0	CSWGuiManager::SetMouseCapture	void SetMouseCapture(CSWGuiControl * pControl, int nButton)	capture control at +0x10, button at +0xc (1 left, 4 right) (med)
0x0040a200	CSWGuiManager::ReleaseMouseCapture	void ReleaseMouseCapture(CSWGuiControl * pControl)	clears the capture and notifies the control (slot +0x14) (med)
0x0040a270	CSWGuiManager::SetMouseCursor	void SetMouseCursor(int nCursor, int bCenter, int bPressed)	picks the software cursor image from the cursor-name table at 0x0078d240 (pressed = next entry) (med)
0x0040a3e0	CSWGuiManager::GetResolutionName	void * GetResolutionName(void * pOut, int nWidth, int nHeight)	maps a screen size to the GUI resolution tag 800x600, 1024x768, 1280x960, 1280x1024, 1600x1200 (med)
0x0040a5a0	CSWGuiPanel::SetExtent	void SetExtent(void * pRect)	sets the extent and resizes the panel border (high)
0x0040a600	CSWGuiPanel::CenterOnScreen	void CenterOnScreen()	centres the panel on the manager screen size (high)
0x0040a630	CSWGuiPanel::SetActiveControl	void SetActiveControl(CSWGuiControl * pControl)	moves focus: old control gets event 1, new one event 0, plays its hover sound (med)
0x0040a680	CSWGuiPanel::LoadGui	void LoadGui(void * pResRef)	opens the .gui GFF (restype 0x7ff, "GUI "), reads root EXTENT, COLOR, BORDER or BACKGROUND, ALPHA, keeps the CONTROLS list for InitControl (high)
0x0040a890	CSWGuiPanel::ResolveMoveToLinks	void ResolveMoveToLinks()	turns each control MOVETO ids into control pointers (low)
0x0040a900	CSWGuiPanel::GetResolutionTag	void * GetResolutionTag(void * pOut)	resolution name plus the panel suffix index (+0x48) (low)
0x0040a9c0	CSWGuiPanel::OnResize	void OnResize()	calls each control relayout slot (+0x8c) (low)
0x0040aa00	CSWGuiPanel::GetScreenExtent	void GetScreenExtent(void * pRect)	extent with centring flags applied (8 centre, 0x20/0x40 offset from 640x480) (med)
0x0040aaa0	CSWGuiManager::~CSWGuiManager	void ~CSWGuiManager()	frees overlay and cursor objects, tooltip panel, GUI sounds, clears g_pGuiManager (high)
0x0040ab70	CSWGuiManager::FindModalPanel	int FindModalPanel(CSWGuiPanel * pPanel)	index in the modal stack (+0x94) or -1 (high)
0x0040aba0	CSWGuiManager::FindPanel	int FindPanel(CSWGuiPanel * pPanel)	index in the panel list (+0x88) or -1 (high)
0x0040abe0	CSWGuiManager::GetPanelAndControlAt	int GetPanelAndControlAt(int x, int y, void * ppPanel, void * ppControl)	hit-tests the top modal panel, else all panels front to back (high)
0x0040acc0	CSWGuiManager::UpdateTopPanel	void UpdateTopPanel()	re-marks which modal panel is on top (panel flag 0x80) after list changes; descriptive name (low)
0x0040b060	CSWGuiManager::CreateCursorModel	int CreateCursorModel()	builds the 3D-scene object that draws the software mouse cursor (+0x24) when the input layer hides the OS cursor (low)
0x0040b2a0	CSWGuiManager::HandleCharacter	int HandleCharacter(int nChar)	forwards a typed character to the edit box holding keyboard focus (+0x18); called from 0x00402240 on the window-message path (med)
0x0040b300	CSWGuiManager::UpdateHoverControl	void UpdateHoverControl()	re-hit-tests at the stored cursor and moves the hover pointer (+8) (med)
0x0040b420	CSWGuiManager::OnResolutionChanged	void OnResolutionChanged()	calls every panel resize slot (+0x68) and the tooltip one (low)
0x0040b570	CSWGuiPanel::CSWGuiPanel	CSWGuiPanel * CSWGuiPanel(CSWGuiManager * pManager)	base panel constructor; manager at +0x18, border object at +0x5c (high)
0x0040b630	CSWGuiPanel::GetActiveControl	CSWGuiControl * GetActiveControl()	returns +0x1c (high)
0x0040b690	CSWGuiPanel::HitTest	CSWGuiControl * HitTest(int x, int y)	topmost control under the point, adjusting for 640x480 centring (med)
0x0040b760	CSWGuiPanel::Render	void Render(float fDeltaTime)	on-screen check, GUI state push, border, then every visible control Render slot (+0x38) (high)
0x0040b870	CSWGuiPanel::OnPanelAdded	void OnPanelAdded()	resize, refresh hover, re-focus the hovered control (low)
0x0040b8f0	CSWGuiPanel::FinishLoading	void FinishLoading()	closes the .gui GFF after the controls are bound and resolves MOVETO links (med)
0x0040b930	CSWGuiPanel::InitControl	void InitControl(CSWGuiControl * pControl, void * pTag, int bAddToList)	finds the CONTROLS entry whose TAG matches, has the control load itself, registers it by ID (high)
0x0040b9a0	CSWGuiPanel::AddControl	void AddControl(CSWGuiControl * pControl)	adds a control to the panel array (+0x20) and sets its parent (high)
0x0040b9d0	CSWGuiPanel::SetActive	void SetActive(int bActive)	sets panel flag 4 (drawn and updated by the manager) (med)
0x0040ba00	CSWGuiPanel::GetControl	CSWGuiControl * GetControl(int nIndex)	control by index/ID or null (med)
0x0040ba20	CSWGuiPanel::GetLocalMousePosition	void GetLocalMousePosition(void * px, void * py)	cursor relative to the panel, used by drag handlers (med)
0x0040bad0	CSWGuiManager::CSWGuiManager	CSWGuiManager * CSWGuiManager()	0xa8-byte object owned by CClientExoAppInternal+0x274; default resolution string "800x600", creates the tooltip panel, publishes g_pGuiManager (high)
0x0040bc70	CSWGuiManager::AddPanel	void AddPanel(CSWGuiPanel * pPanel, uint nFlags, int bPlaySound)	appends to the panel list (+0x88); flag bit0 also pushes it as modal; then calls the panel OnPanelAdded slot; 134 callers (high)
0x0040bd20	CSWGuiManager::BringPanelToFront	void BringPanelToFront(CSWGuiPanel * pPanel)	moves a non-modal panel to the end of the draw list (med)
0x0040bd70	CSWGuiManager::HasPanel	int HasPanel(CSWGuiPanel * pPanel)	true when the panel is in the panel list (high)
0x0040bd90	CSWGuiManager::PushModalPanel	int PushModalPanel(CSWGuiPanel * pPanel)	adds the panel if needed and pushes it on the modal stack (+0x94); input then reaches only the top modal panel (med)
0x0040be00	CSWGuiManager::PopModalPanel	CSWGuiPanel * PopModalPanel()	pops the top of the modal stack and re-focuses the new top panel active control (med)
0x0040be70	CSWGuiManager::SetResolution	void SetResolution(int nWidth, int nHeight)	stores the screen size as shorts (+0x6c/+0x6e) and lets panels relayout (high)
0x0040bec0	CSWGuiManager::DrawDebugOverlay	void DrawDebugOverlay()	lazily builds a bordered label panel (border1b/border2b) drawn at the end of Render while 0x007a3d4c is set; purpose unconfirmed (low)
0x0040c150	CSWGuiManager::HideTooltip	void HideTooltip()	clears the tooltip flag and the control showing it (med)
0x0040c170	CSWGuiPanel::OnPanelRemoved	void OnPanelRemoved()	drops tooltip and hover state that point into this panel (low)
0x0040c1e0	CSWGuiManager::HandleMouseMove	void HandleMouseMove(int x, int y)	stores the cursor, moves the cursor model, feeds a captured control drag slot, else re-hit-tests and moves hover/hilight (high)
0x0040c570	CSWGuiManager::HandleLeftMouseDown	int HandleLeftMouseDown(int bDown)	records the button, refreshes hover, calls the hovered control OnLeftMouseDown slot (+0x18) (med)
0x0040c610	CSWGuiManager::HandleRightMouseDown	int HandleRightMouseDown()	calls the hovered control OnRightMouseDown slot (+0x84) (med)
0x0040c650	CSWGuiManager::HandleMouseWheel	int HandleMouseWheel(int nDelta)	one scroll event (500 or 501) per 120 units of wheel delta to the hovered list or control (med)
0x0040c790	CSWGuiManager::SetMousePosition	void SetMousePosition(int x, int y)	warps the input cursor and re-runs hover (med)
0x0040c7d0	CSWGuiManager::RestoreMousePosition	void RestoreMousePosition()	restores a cursor position saved at +0x58/+0x5c (med)
0x0040c830	CSWGuiManager::RemovePanel	int RemovePanel(CSWGuiPanel * pPanel)	drops a panel from the modal stack and the panel list, calls its OnPanelRemoved slot, refreshes hover (high)
0x0040c8e0	CSWGuiManager::HandleInputEvent	void HandleInputEvent(int nEvent, int nValue)	entry for mapped input actions: folds axis and dpad codes into GUI navigation events, double-click timing, sends to the top modal panel or every panel (high)
0x0040cc50	CSWGuiManager::Render	void Render(float fDeltaTime)	per-frame 2D pass: visible panels, then modal panels, dragged item, tooltip, software cursor; reaps panels marked for removal; called from the client main loop (high)
0x0040ce70	CSWGuiManager::Update	void Update(float fDeltaTime)	per-frame tick: each visible panel Update slot (+0x38), reaps panels marked for removal (high)
0x0040cf70	CSWGuiPanel::~CSWGuiPanel	void ~CSWGuiPanel()	frees the border and GFF, removes itself from the manager (high)
0x0040d030	CExoKeyTable::CExoKeyTable		0x34-byte table; also rebuilds the CRC-32 table at 0x007a3d78 (high)
0x0040d0d0	CExoKeyTable::DeleteTableList		closes and deletes the table's resource files, frees the entries, marks the table disabled (med)
0x0040d1a0	CExoKeyTable::GetEntryCount	int GetEntryCount(int bAllTypes)	counts used entries, optionally skipping module blueprint types (med)
0x0040d200	CExoKeyTable::LocateBifFile	int LocateBifFile(void * sPath)	true if the BIF opens from the given path (else the KEY loader falls back to CD0:) (med)
0x0040d2e0	CExoKeyTable::DestroyTable		auto: named by its string at 0x0073e0d8
0x0040d490	CExoKeyTable::GetKeyIndex	int GetKeyIndex(void * pIndex, void * pResRef, int nType)	linear search for (resref, type), used when a table is rebuilt (med)
0x0040d500	CExoKeyTable::Hash	int Hash(char * pResRef, int nType)	CRC-32 style hash over the lower-cased resref with the type added to each byte, modulo the table size (high)
0x0040d560	CExoBaseResFile::~CExoBaseResFile		base of the BIF/ERF/RIM file objects (vtable 0x0073e128, mostly pure) (med)
0x0040d580	CExoBaseResFile::AddRefCount	void AddRefCount()	opens the synchronous file on the first reference (slot 1) (med)
0x0040d5a0	CExoBaseResFile::AddAsyncRefCount	void AddAsyncRefCount()	opens the asynchronous file on the first reference (slot 2) (med)
0x0040d5c0	CExoResFile::CloseFile	int CloseFile()	(med)
0x0040d600	CExoResFile::UnloadHeader	int UnloadHeader()	(med)
0x0040d650	CExoBaseResFile::DelRefCount	void DelRefCount()	closes the synchronous file on the last reference (slot 5) (med)
0x0040d670	CExoBaseResFile::DelAsyncRefCount	void DelAsyncRefCount()	(slot 6) (med)
0x0040d690	CExoResFile::GetResourceSize	int GetResourceSize(int nId)	size from the BIF's 16-byte variable resource entry, index = id bits 13..0 (high)
0x0040d6b0	CExoResFile::Initialize	int Initialize()	(med)
0x0040d6f0	CExoResFile::OpenFile	int OpenFile()	opens <name>.bif read-only (type 9998) (high)
0x0040d800	CExoResFile::OpenAsyncFile	int OpenAsyncFile()	(med)
0x0040d910	CExoResFile::LoadHeader	int LoadHeader()	reads the 0x14-byte "BIFFV1  " header and the variable resource table (high)
0x0040da20	CExoResFile::ReadResource	int ReadResource(int nId, void * pBuffer, int nSize)	seek to the entry's offset, read min(size, entry size) (high)
0x0040daa0	CExoResFile::ReadResourceAsync	void ReadResourceAsync(int nId, void * pBuffer, int nSize)	(med)
0x0040db10	CExoEncapsulatedFile::CloseFile	int CloseFile()	(med)
0x0040db50	CExoResFile::CloseAsyncFile	int CloseAsyncFile()	shared with CExoEncapsulatedFile (med)
0x0040db90	CExoEncapsulatedFile::UnloadHeader	int UnloadHeader()	(med)
0x0040dbe0	CExoEncapsulatedFile::GetResourceSize	int GetResourceSize(int nId)	size from the 8-byte resource list entry (high)
0x0040dc00	CExoEncapsulatedFile::Initialize	int Initialize()	(med)
0x0040dc30	CExoEncapsulatedFile::OpenFile	int OpenFile()	reopens with the extension that matched at load (mod/sav/erf/hak/nwm) (high)
0x0040df10	CExoEncapsulatedFile::OpenAsyncFile	int OpenAsyncFile()	(med)
0x0040e1f0	CExoEncapsulatedFile::LoadHeader	int LoadHeader(int nKind)	reads the 0xA0 header, checks "ERF "/"HAK "/"MOD " and V1.0, loads the localized string list and the resource list (high)
0x0040e640	CExoEncapsulatedFile::ReadResource	int ReadResource(int nId, void * pBuffer, int nSize)	(high)
0x0040e6b0	CExoEncapsulatedFile::ReadResourceAsync	void ReadResourceAsync(int nId, void * pBuffer, int nSize)	(med)
0x0040e720	CExoResourceImageFile::CloseFile	int CloseFile()	frees the resident image (med)
0x0040e750	CExoResourceImageFile::DelRefCount	void DelRefCount()	never closes; the image stays resident (med)
0x0040e770	CExoResourceImageFile::Initialize	int Initialize()	(med)
0x0040e790	CExoResourceImageFile::OpenFile	int OpenFile()	reads the whole file into memory, trying type 3009 before .rim (high)
0x0040e980	CExoResourceImageFile::ReadResourceAsync	void ReadResourceAsync(int nId, void * pBuffer, int nSize)	forwards to ReadResource (med)
0x0040e990	CExoKeyTable::AddKey		auto: named by its string at 0x0073e184
0x0040eb80	CExoKeyTable::AllocateTable	void * AllocateTable(int nSize)	array of 0x1c-byte entries: resref, CRes*, id -1, type 0xFFFF (high)
0x0040ec50	CExoKeyTable::FindKey	void * FindKey(void * pResRef, int nType)	open addressing, linear probing, stops at the first empty slot (high)
0x0040ed20	CExoKeyTable::ListKeysOfType	void * ListKeysOfType(int nType)	resrefs of one type in this table as a CExoString list (med)
0x0040ee80	CExoResFile::CExoResFile		one BIF of a KEY table, 0x38 bytes, vtable 0x0073e1b0 (high)
0x0040ef00	CExoResFile::~CExoResFile		(high)
0x0040ef90	CExoEncapsulatedFile::CExoEncapsulatedFile		ERF/MOD/SAV file object, 0x44 bytes, vtable 0x0073e1f8 (high)
0x0040f010	CExoEncapsulatedFile::~CExoEncapsulatedFile		(high)
0x0040f0a0	CExoResourceImageFile::~CExoResourceImageFile		RIM file object, 0x34 bytes, vtable 0x0073e240 (high)
0x0040f120	CExoResourceImageFile::GetResourceSize	int GetResourceSize(int nId)	from the 32-byte RIM entry (high)
0x0040f160	CExoResourceImageFile::GetResourcePointer	void * GetResourcePointer(int nId)	address of the entry's bytes inside the image (high)
0x0040f1a0	CExoResourceImageFile::ReadResource	int ReadResource(int nId, void * pBuffer, int nSize)	copies out of the image (high)
0x0040f200	CExoKeyTable::AddDirectoryContents	int AddDirectoryContents()	one key per file with a known extension; table size 2n+1 (high)
0x0040f3c0	CExoKeyTable::AddEncapsulatedContents	int AddEncapsulatedContents()	opens .nwm/.mod/.sav/.erf/.hak (first that opens), checks signature and V1.0, adds the 24-byte keys (high)
0x0040f990	CExoKeyTable::AddResourceImageContents	int AddResourceImageContents()	loads the whole RIM into memory, adds its 32-byte entries (high)
0x0040fb80	CExoKeyTable::AddKeyTableContents	int AddKeyTableContents()	reads chitin.key ("KEY V1  "): BIF list into CExoResFile objects, then the 22-byte keys (high)
0x00410190	CExoKeyTable::Initialize	int Initialize(int nKind, void * sName, int nTableId)	stores name, kind and id, dispatches to the per-kind Add*Contents (high)
0x00410260	CExoKeyTable::RebuildTable	void RebuildTable()	reloads the table and moves live CRes objects onto the new entries or other tables (med)
0x00410520	InitCRC32Table	void InitCRC32Table()	fills the CRC-32 table at 0x007a4178 (polynomial 0xEDB88320); called by the CExoResMan constructor (high)
0x00410560	ComputeCRC32	uint ComputeCRC32(char * p, int nMax)	CRC-32 of a string up to its NUL or nMax bytes, initial value 0, no final xor; keys the TLK named-token table (high)
0x004105a0	CResGFF::CResGFFEmpty		empty GFF ready for CreateGFFFile; section growth steps 110/646/98/1836/4052/4052 (high)
0x00410630	CResGFF::CResGFF		binds to a resource of the given type and file type and demands it at once (high)
0x00410740	CResGFF::OnResourceServiced	int OnResourceServiced()	checks the 4-char file type and "V3.2", points the six section pointers into the loaded bytes (high)
0x00410880	CResGFF::OnResourceFreed	int OnResourceFreed()	(high)
0x004108c0	CResGFF::ReleaseResource	void ReleaseResource()	releases the backing CRes and clears the section pointers (med)
0x00410930	CResGFF::GetFieldFromEntry	void * GetFieldFromEntry(void * pStructEntry, int nIndex)	same, from a struct entry pointer (med)
0x00410990	CResGFF::GetField	void * GetField(void * pStruct, int nIndex)	field entry n of a struct: direct when the struct has one field, else through the field-index block (high)
0x00410a20	CResGFF::GetFieldData	void * GetFieldData(void * pField, void * pRemaining)	pointer into the field data block for complex types (high)
0x00410a60	CResGFF::GetListData	void * GetListData(void * pField, void * pRemaining)	pointer into the list-index block (high)
0x00410aa0	CResGFF::InitializeForWriting	void InitializeForWriting()	copies the read-only sections into growable heap arrays before the first write (med)
0x00410d60	CResGFF::AddStructEntry	int AddStructEntry(int nStructId)	appends a struct entry, returns its index (high)
0x00410e20	CResGFF::AddLabel	int AddLabel(char * pLabel)	existing label index or a new one (high)
0x00410f50	CResGFF::AddDataField	void * AddDataField(int nOffset, int nOldSize, int nNewSize)	grows the field data block (high)
0x00411020	CResGFF::AddDataLayoutField	void * AddDataLayoutField(int nOffset, int nOldSize, int nNewSize)	grows the field-index block (high)
0x004110f0	CResGFF::AddDataLayoutList	void * AddDataLayoutList(int nOffset, int nOldSize, int nNewSize)	grows the list-index block (high)
0x004111c0	CResGFF::GetStructID	int GetStructID(void * pStruct)	(high)
0x00411200	CResGFF::GetFieldCount	int GetFieldCount(void * pStruct)	(high)
0x00411240	CResGFF::GetTopLevelStruct	int GetTopLevelStruct(void * pStruct)	sets the struct handle to index 0 (high)
0x00411260	CResGFF::CreateGFFFile	int CreateGFFFile(void * pTopStruct, void * sFileType, void * sVersion)	new empty GFF with type and version and a top struct of id -1 (high)
0x004113d0	CResGFF::WriteGFFData	int WriteGFFData(void * pFile, void * pSize)	lays out the header offsets and writes header and six sections (high)
0x00411540	CResGFF::GetTotalSize	int GetTotalSize()	header plus all sections (high)
0x00411570	CResGFF::~CResGFF		(high)
0x00411630	CResGFF::GetFieldByLabel	int GetFieldByLabel(void * pStruct, char * pLabel)	linear scan of the struct's fields comparing 16-byte labels (high)
0x00411730	CResGFF::AddField	void * AddField(void * pStruct, char * pLabel, int nType)	appends a field to a struct (high)
0x00411880	CResGFF::GetFieldType	int GetFieldType(void * pStruct, char * pLabel, int nIndex)	(med)
0x004118c0	CResGFF::GetList	int GetList(void * pList, void * pStruct, char * pLabel)	type 15; a list handle is the struct index plus the label (high)
0x00411940	CResGFF::GetListCount	int GetListCount(void * pList)	(high)
0x00411990	CResGFF::GetListElement	int GetListElement(void * pStruct, void * pList, int nIndex)	(high)
0x00411a10	CResGFF::GetStructFromStruct	int GetStructFromStruct(void * pOut, void * pStruct, char * pLabel)	type 14 (high)
0x00411a60	CResGFF::ReadFieldBYTE	int ReadFieldBYTE(void * pStruct, char * pLabel, void * pSuccess, int nDefault)	type 0 (high)
0x00411ad0	CResGFF::ReadFieldCHAR	int ReadFieldCHAR(void * pStruct, char * pLabel, void * pSuccess, int nDefault)	type 1 (high)
0x00411b40	CResGFF::ReadFieldWORD	int ReadFieldWORD(void * pStruct, char * pLabel, void * pSuccess, int nDefault)	type 2 (high)
0x00411bb0	CResGFF::ReadFieldSHORT	int ReadFieldSHORT(void * pStruct, char * pLabel, void * pSuccess, int nDefault)	type 3 (high)
0x00411c20	CResGFF::ReadFieldDWORD	uint ReadFieldDWORD(void * pStruct, char * pLabel, void * pSuccess, uint nDefault)	type 4 (high)
0x00411c90	CResGFF::ReadFieldINT	int ReadFieldINT(void * pStruct, char * pLabel, void * pSuccess, int nDefault)	type 5 (high)
0x00411d00	CResGFF::ReadFieldFLOAT	float ReadFieldFLOAT(void * pStruct, char * pLabel, void * pSuccess, float fDefault)	type 8 (high)
0x00411d70	CResGFF::ReadFieldDWORD64		type 6, eight bytes in the field data block, returned in EDX:EAX (high)
0x00411e10	CResGFF::ReadFieldCResRef	void * ReadFieldCResRef(void * pOut, void * pStruct, char * pLabel, void * pSuccess, void * pDefault)	type 11: length byte and chars (high)
0x00411ec0	CResGFF::ReadFieldCExoString	void * ReadFieldCExoString(void * pOut, void * pStruct, char * pLabel, void * pSuccess, void * pDefault)	type 10: 32-bit length and chars (high)
0x00411fd0	CResGFF::ReadFieldCExoLocString	void * ReadFieldCExoLocString(void * pOut, void * pStruct, char * pLabel, void * pSuccess, void * pDefault)	type 12: size, strref, count, then (id, length, chars); id = language*2 + gender (high)
0x004121b0	CResGFF::ReadFieldQuaternion	void * ReadFieldQuaternion(void * pOut, void * pStruct, char * pLabel, void * pSuccess, void * pDefault)	type 16, four floats (high)
0x004122a0	CResGFF::ReadFieldVector	void * ReadFieldVector(void * pOut, void * pStruct, char * pLabel, void * pSuccess, void * pDefault)	type 17, three floats (high)
0x00412380	CResGFF::ReadFieldVOID	void * ReadFieldVOID(void * pStruct, void * pBuffer, int nSize, char * pLabel, void * pSuccess, void * pDefault)	type 13: 32-bit length and bytes, copies up to nSize (high)
0x00412450	CResGFF::AddList	int AddList(void * pList, void * pStruct, char * pLabel)	(high)
0x004124e0	CResGFF::AddListElement	int AddListElement(void * pStruct, void * pList, int nStructId)	(high)
0x004125b0	CResGFF::AddStruct	int AddStruct(void * pOut, void * pStruct, char * pLabel, int nStructId)	struct-valued field, type 14 (high)
0x00412620	CResGFF::WriteFieldBYTE	int WriteFieldBYTE(void * pStruct, int nValue, char * pLabel)	(high)
0x00412670	CResGFF::WriteFieldCHAR	int WriteFieldCHAR(void * pStruct, int nValue, char * pLabel)	(high)
0x004126c0	CResGFF::WriteFieldWORD	int WriteFieldWORD(void * pStruct, int nValue, char * pLabel)	(high)
0x00412710	CResGFF::WriteFieldSHORT	int WriteFieldSHORT(void * pStruct, int nValue, char * pLabel)	(high)
0x00412760	CResGFF::WriteFieldDWORD	int WriteFieldDWORD(void * pStruct, uint nValue, char * pLabel)	(high)
0x004127b0	CResGFF::WriteFieldINT	int WriteFieldINT(void * pStruct, int nValue, char * pLabel)	(high)
0x00412800	CResGFF::WriteFieldDWORD64		(high)
0x00412870	CResGFF::WriteFieldFLOAT	int WriteFieldFLOAT(void * pStruct, float fValue, char * pLabel)	(high)
0x004128c0	CResGFF::WriteFieldCResRef	int WriteFieldCResRef(void * pStruct, void * pResRef, char * pLabel)	stored lower-cased (high)
0x00412970	CResGFF::WriteFieldCExoString	int WriteFieldCExoString(void * pStruct, void * sValue, char * pLabel)	(high)
0x00412a10	CResGFF::WriteFieldCExoLocString	int WriteFieldCExoLocString(void * pStruct, void * pValue, char * pLabel)	(high)
0x00412c10	CResGFF::WriteFieldVOID	int WriteFieldVOID(void * pStruct, void * pData, int nSize, char * pLabel)	(high)
0x00412ca0	CResGFF::WriteFieldQuaternion	int WriteFieldQuaternion(void * pStruct, void * pValue, char * pLabel)	(high)
0x00412d30	CResGFF::WriteFieldVector	int WriteFieldVector(void * pStruct, void * pValue, char * pLabel)	(high)
0x00412db0	CResGFF::Pack	void Pack(int nThresholdPercent, int nMinWaste)	compacts the field-index and list-index blocks when the waste is large enough (med)
0x00413030	CResGFF::WriteGFFFile	int WriteGFFFile(void * sName, int nType)	opens the alias path "wb", packs, writes (high)
0x00413100	C2DA::GetColumnIndex	int GetColumnIndex(void * sColumn)	case-insensitive; -1 if missing (high)
0x00413190	C2DA::GetCExoStringEntryByIndex	int GetCExoStringEntryByIndex(int nRow, int nColumn, void * sOut)	(high)
0x00413270	C2DA::GetCExoStringEntry	int GetCExoStringEntry(int nRow, void * sColumn, void * sOut)	false (and the default value) when out of range or empty (high)
0x00413350	C2DA::GetFLOATEntryByIndex	int GetFLOATEntryByIndex(int nRow, int nColumn, float * pOut)	(high)
0x00413430	C2DA::GetFLOATEntry	int GetFLOATEntry(int nRow, void * sColumn, float * pOut)	(high)
0x00413510	C2DA::GetINTEntryByIndex	int GetINTEntryByIndex(int nRow, int nColumn, int * pOut)	(high)
0x00413660	C2DA::GetINTEntry	int GetINTEntry(int nRow, void * sColumn, int * pOut)	text 2DAs accept 0x hex (high)
0x004137b0	C2DA::GetLineLength	int GetLineLength(char * p, int nMax)	characters before CR/LF (med)
0x004137e0	C2DA::GetNextToken	int GetNextToken(void * ppText, void * pRemaining, char * pToken, void * pSkipped)	text 2DA tokenizer: a quoted string, or a run up to blank/tab/CR/LF (med)
0x004138b0	C2DA::GetRowIndex	int GetRowIndex(void * sRowLabel)	case-insensitive; -1 if missing (high)
0x00413940	C2DA::SkipWhiteSpace	int SkipWhiteSpace(void * ppText, void * pRemaining)	(med)
0x004139e0	C2DA::Unload2DArray	void Unload2DArray()	(high)
0x00413b40	C2DA::SetResRef	void SetResRef(void * pResRef, int bDemand)	CResHelper for 2da (2017): reuse or create the CRes2DA (high)
0x00413cc0	C2DA::C2DA		helper bound to <resref>.2da; Load2DArray parses it (high)
0x00413d80	C2DA::~C2DA		(high)
0x00413de0	C2DA::GetCExoStringEntryByRowLabel	int GetCExoStringEntryByRowLabel(void * sRow, void * sColumn, void * sOut)	(high)
0x00413ec0	C2DA::GetCExoStringEntryByRowLabelIndex	int GetCExoStringEntryByRowLabelIndex(void * sRow, int nColumn, void * sOut)	(high)
0x00413fa0	C2DA::GetFLOATEntryByRowLabel	int GetFLOATEntryByRowLabel(void * sRow, void * sColumn, float * pOut)	(high)
0x00414080	C2DA::GetFLOATEntryByRowLabelIndex	int GetFLOATEntryByRowLabelIndex(void * sRow, int nColumn, float * pOut)	(high)
0x00414110	C2DA::GetINTEntryByRowLabel	int GetINTEntryByRowLabel(void * sRow, void * sColumn, int * pOut)	(high)
0x00414260	C2DA::GetINTEntryByRowLabelIndex	int GetINTEntryByRowLabelIndex(void * sRow, int nColumn, int * pOut)	(high)
0x004143b0	C2DA::Load2DArray	int Load2DArray()	parses V2.b in place (offset tables) or V2.0 text into a CExoString grid ("DEFAULT:" line, "****" = empty) (high)
0x004151c0	CSWGuiBorder::~CSWGuiBorder	void ~CSWGuiBorder()	border destructor (high)
0x004153e0	CSWGuiBorder::LoadFromGFF	void LoadFromGFF(void * pGFF, void * pStruct, void * pLabel)	CORNER, EDGE, FILL, FILLSTYLE, DIMENSION, INNEROFFSET, COLOR, PULSING (high)
0x00415a30	CSWGuiImage::CSWGuiImage	CSWGuiImage * CSWGuiImage()	image part constructor (med)
0x00415e00	CSWGuiTextInfo::SetText	void SetText(void * pText)	sets the string and pushes it to the render string; 136 callers (high)
0x00415e50	CSWGuiTextInfo::SetStrRef	void SetStrRef(int nStrRef)	fetches the TLK string and sets it (high)
0x00415f70	CSWGuiTextInfo::SetOwner	void SetOwner(CSWGuiText * pOwner)	creates the render-side string object for the font (low)
0x00415ff0	CSWGuiText::~CSWGuiText	void ~CSWGuiText()	text destructor (high)
0x00416050	CSWGuiText::LoadFromGFF	void LoadFromGFF(void * pGFF, void * pStruct, void * pLabel)	TEXT, STRREF, FONT (default dialogfont16x16), ALIGNMENT, COLOR, PULSING (high)
0x00416240	CSWGuiText::Draw	void Draw(float fDeltaTime)	draws the cached render-side string object (+0x14) (med)
0x004167f0	CSWGuiBorder::CSWGuiBorder	CSWGuiBorder * CSWGuiBorder()	0x74 bytes (high)
0x004168c0	CSWGuiBorder::Draw	void Draw(float fDeltaTime)	draws fill, edges and corners as textured quads (med)
0x00416ec0	CSWGuiImage::LoadFromGFF	void LoadFromGFF(void * pGFF, void * pStruct, void * pLabel)	IMAGE, ALIGNMENT, DRAWSTYLE, FLIPSTYLE, ROTATE (high)
0x00417050	CSWGuiTextInfo::CSWGuiTextInfo	CSWGuiTextInfo * CSWGuiTextInfo()	text string, strref, font resref (dialogfont16x16), colour; name is ours (med)
0x00417280	CSWGuiText::CSWGuiText	CSWGuiText * CSWGuiText()	text settings embedded at +0x18 (high)
0x004174b0	CSWGui3DScene::CSWGui3DScene	CSWGui3DScene * CSWGui3DScene()	creates a scene with a camera (low)
0x004176a0	CSWGuiControl::SetSelectable	void SetSelectable(int bOn)	flag bit 3 (med)
0x00417750	CSWGuiLabel::Render	void Render(float fDeltaTime)	draws border then text (high)
0x00417ab0	CSWGuiButton::Render	void Render(float fDeltaTime)	hilight border when flag 0 is set, else normal border, then text (high)
0x004181d0	CSWGuiControl::SetHilighted	void SetHilighted(int bOn)	flag bit 0 (med)
0x004184f0	CSWGuiEditBox::HandleCharacter	void HandleCharacter(int nChar)	backspace/delete erase, Enter activates the panel, printable characters append (med)
0x00418750	CSWGuiControl::HandleInputEvent	void HandleInputEvent(int nEvent, int nValue)	events 0/1 set or clear hilight; then calls the registered handler for nEvent (event and value kept at +0x48/+0x4c) (high)
0x004187c0	CSWGuiControl::HitTest	CSWGuiControl * HitTest(int x, int y)	this when visible and the point is inside the extent (high)
0x00418840	CSWGuiControl::LoadFromPanelGFF	void LoadFromPanelGFF(CSWGuiPanel * pPanel, void * pGFF, void * pList, void * pTag)	scans the CONTROLS list for the matching TAG and calls the LoadFromGFF slot (high)
0x00418960	CSWGuiControl::SetFocus	void SetFocus(int bFocus)	asks the owning panel to make this the active control, with hover sound (med)
0x004189d0	CSWGuiControl::IsSelectable	int IsSelectable()	flag 8 plus the enabled check, or the parent answer (med)
0x00418a50	CSWGuiControl::GetSelectableParent	CSWGuiControl * GetSelectableParent()	walks Obj_Parent links to the first selectable ancestor (med)
0x00418a90	CSWGuiControl::GetTooltipText	int GetTooltipText()	builds the tooltip, appending the bound key name (KeyNameStrRef) (low)
0x00419a20	CSWGuiControl::~CSWGuiControl	void ~CSWGuiControl()	base control destructor (high)
0x00419a90	CSWGuiListBox::ClearItems	void ClearItems()	detaches all rows (med)
0x00419d10	CSWGuiLabel::~CSWGuiLabel	void ~CSWGuiLabel()	label destructor (high)
0x00419da0	CSWGuiButton::~CSWGuiButton	void ~CSWGuiButton()	button destructor (high)
0x0041a5a0	CSWGuiListBox::GetItem	CSWGuiControl * GetItem(int nIndex)	row control by index (high)
0x0041a5d0	CSWGuiListBox::GetSelectedItem	CSWGuiControl * GetSelectedItem()	row control at the selected index (high)
0x0041a820	CSWGuiEditBox::SetFocus	void SetFocus(int bFocus)	turns text input on in CExoInput and becomes the manager keyboard target (+0x18) (med)
0x0041aa80	CSWGuiControl::CSWGuiControl	CSWGuiControl * CSWGuiControl()	base control constructor: ID -1, hover sound 1 (high)
0x0041ab20	CSWGuiControl::SetEventHandler	void SetEventHandler(int nEvent, void * pOwner, void * pfnCallback)	adds, replaces or (null callback) removes a per-event callback in +0x38; panels wire buttons with event 0x27 = activate (high)
0x0041ab90	CSWGuiControl::OnLeftMouseDown	void OnLeftMouseDown()	captures the mouse for the left button, or defers to the selectable parent (med)
0x0041abd0	CSWGuiControl::OnLeftMouseUp	void OnLeftMouseUp()	if still under the cursor fires event 0x27 (activate), then releases capture (med)
0x0041ac30	CSWGuiControl::OnRightMouseDown	void OnRightMouseDown()	captures for the right button (med)
0x0041ac70	CSWGuiControl::OnRightMouseUp	void OnRightMouseUp()	fires event 0x44 if still hovered, then releases capture (med)
0x0041acc0	CSWGuiControl::AddChild	void AddChild(CSWGuiControl * pChild)	appends to the child list (+0x18) (med)
0x0041acd0	CSWGuiLabel::CSWGuiLabel	CSWGuiLabel * CSWGuiLabel()	0x140 bytes: border at +0x5c, text at +0xd0 (high)
0x0041ad40	CSWGuiButton::HandleInputEvent	void HandleInputEvent(int nEvent, int nValue)	plays the click sound on event 0x27 then dispatches (med)
0x0041aed0	CSWGuiProgressBar::CSWGuiProgressBar	CSWGuiProgressBar * CSWGuiProgressBar()	border and progress fill (high)
0x0041afe0	CSWGuiScrollBar::CSWGuiScrollBar	CSWGuiScrollBar * CSWGuiScrollBar()	border plus two image parts (arrows and thumb); one is embedded in each list box (high)
0x0041b060	CSWGuiListBox::~CSWGuiListBox	void ~CSWGuiListBox()	list box destructor (high)
0x0041b140	CSWGuiListBox::UpdateLayout	void UpdateLayout()	recomputes row positions and the scroll range (med)
0x0041b5c0	CSWGuiProtoItem::CSWGuiProtoItem	CSWGuiProtoItem * CSWGuiProtoItem()	0x1b4 bytes (med)
0x0041b8b0	CSWGuiSelectable::CSWGuiSelectable	CSWGuiSelectable * CSWGuiSelectable()	constructor; clears the four MOVETO links (med)
0x0041b8e0	CSWGuiControl::LoadFromGFF	void LoadFromGFF(void * pGFF, void * pStruct)	reads EXTENT, ID and Obj_ParentID (links to a parent control) (high)
0x0041b960	CSWGuiLabel::LoadFromGFF	void LoadFromGFF(void * pGFF, void * pStruct)	BORDER and TEXT (high)
0x0041ba20	CSWGuiProtoItem::LoadFromGFF	void LoadFromGFF(void * pGFF, void * pStruct)	label load plus HILIGHT (med)
0x0041baa0	CSWGuiSlider::CSWGuiSlider	CSWGuiSlider * CSWGuiSlider()	0x1b8 bytes (high)
0x0041bbc0	CSWGuiProgressBar::LoadFromGFF	void LoadFromGFF(void * pGFF, void * pStruct)	BORDER, PROGRESS, STARTFROMLEFT, CURVALUE, MAXVALUE (high)
0x0041bcd0	CSWGuiScrollBar::LoadFromGFF	void LoadFromGFF(void * pGFF, void * pStruct)	BORDER, DRAWMODE, VISIBLEVALUE, THUMB, CURVALUE, MAXVALUE (high)
0x0041be40	CSWGuiListBox::CSWGuiListBox	CSWGuiListBox * CSWGuiListBox()	items at +0x29c, selected index short +0x2c6, scroll bar at +0x104 (high)
0x0041c040	CSWGuiListBox::SetSelectedIndex	void SetSelectedIndex(int nIndex, int bPlaySound)	moves the selection hilight and scrolls (high)
0x0041c0f0	CSWGuiButton::CSWGuiButton	CSWGuiButton * CSWGuiButton()	0x1c4 bytes: border +0x6c, hilight +0xe0, text +0x154 (high)
0x0041c1d0	CSWGuiListBox::SetItems	void SetItems(void * pList, uint bFlagA, uint bFlagB, int nSelect)	clears, adopts a CExoArrayList of row controls and lays them out (med)
0x0041c2c0	CSWGuiListBox::SetItemsArray	void SetItemsArray(void * pItems, int nCount, uint bFlagA, uint bFlagB, int nSelect)	same as SetItems from a plain array (med)
0x0041c6b0	CSWGuiEditBox::CSWGuiEditBox	CSWGuiEditBox * CSWGuiEditBox()	border plus editable text (med)
0x0041c7d0	CSWGuiEditBox::LoadFromGFF	void LoadFromGFF(void * pGFF, void * pStruct)	BORDER and TEXT (med)
0x0041c890	CSWGuiSelectable::LoadFromGFF	void LoadFromGFF(void * pGFF, void * pStruct)	base load plus the MOVETO struct (UP, DOWN, LEFT, RIGHT control ids) (med)
0x0041c930	CSWGuiButton::LoadFromGFF	void LoadFromGFF(void * pGFF, void * pStruct)	BORDER, HILIGHT, TEXT (high)
0x0041ca30	CSWGuiCheckBox::CSWGuiCheckBox	CSWGuiCheckBox * CSWGuiCheckBox()	0x2b4 bytes: adds SELECTED and HILIGHTSELECTED borders (high)
0x0041cb40	CSWGuiCheckBox::LoadFromGFF	void LoadFromGFF(void * pGFF, void * pStruct)	button load plus SELECTED, HILIGHTSELECTED, ISSELECTED (high)
0x0041cc30	CSWGuiSlider::LoadFromGFF	void LoadFromGFF(void * pGFF, void * pStruct)	BORDER, HILIGHT, THUMB, CURVALUE, MAXVALUE (high)
0x0041ce20	CSWGuiListBox::HandleInputEvent	void HandleInputEvent(int nEvent, int nValue)	navigation, wheel (500/501) and activation inside the list (med)
0x0041d3e0	CSWGuiListBox::LoadProtoItem	void LoadProtoItem(void * pGFF, void * pStruct)	reads PROTOITEM and its CONTROLTYPE (4..8) and builds the row template control (high)
0x0041d5b0	CSWGuiListBox::LoadFromGFF	void LoadFromGFF(void * pGFF, void * pStruct)	BORDER, COLOR, PADDING, LOOPING, LEFTSCROLLBAR, SCROLLBAR, then the PROTOITEM template (high)
0x0041d730	CRes2DA::CRes2DA		(high)
0x0041d760	CRes2DA::~CRes2DA		(high)
0x0041d770	CRes2DA::OnResourceFreed	int OnResourceFreed()	(high)
0x0041d790	CRes2DA::OnResourceServiced	int OnResourceServiced()	checks "2DA " and "V2.b" (binary flag at +0x38) or "V2.0"; data pointer skips the 8-byte header (high)
0x0041d810	CTlkFile::CTlkFile		CExoFile opened "rb" as type 2018 (high)
0x0041d890	CTlkFile::ReadHeader	int ReadHeader()	reads the 20-byte header, checks "TLK " (high)
0x0041d8d0	CTlkTable::CTlkTable		seven (male, female) file slots and two token tables (high)
0x0041d920	CTlkTable::OpenFile	int OpenFile(void * sPath, int nSlot)	opens <path>.tlk and <path>F.tlk (female; falls back to the male file) into slot 0..7 (high)
0x0041db50	CTlkTable::SetCustomToken	void SetCustomToken(int nNumber, void * sValue)	sorted insert or replace (high)
0x0041dcf0	CTlkTable::ClearCustomTokens	void ClearCustomTokens()	(high)
0x0041dd30	CTlkTable::ParseStr	void ParseStr(void * sText)	replaces <CUSTOMnnn> and named <tokens>; "<<" escapes (high)
0x0041e0f0	CTlkTable::GetLanguageID	int GetLanguageID()	language field of the slot-0 file header (med)
0x0041e100	CTlkTable::~CTlkTable		(high)
0x0041e1a0	CTlkTable::FetchInternal	int FetchInternal(uint nStrRef, void * pResult, int bParseTokens)	reads the 40-byte (V3.0) or 36-byte entry from the file on every call: text, sound resref, sound length (high)
0x0041e550	CTlkTable::Fetch	int Fetch(uint nStrRef, void * pResult, int nGender)	selects the gender, fetches without token parsing; "[%d]%s" in debug mode (high)
0x0041e5a0	CTlkTable::SetTlkFile	int SetTlkFile(void * sPath)	OpenFile slot 0, then loads stringtokens.2da into a hash-sorted token table (high)
0x0041e8f0	CTlkTable::GetSimpleString	void * GetSimpleString(void * sOut, uint nStrRef)	text only, male/neutral (high)
0x0041fa30	CAurTexture::LoadImage		gets pixel data through the image-loader callbacks and converts it (med)
0x0041fe80	GL_SetActiveTextureUnit	void GL_SetActiveTextureUnit(int)	records and selects the active texture unit via glActiveTextureARB (high)
0x00420440	GL_BindTextureCached	void GL_BindTextureCached(int, int)	binds and records the texture in the per-unit cache, applies anisotropy (med)
0x004204f0	CAurTexture::Bind		binds a texture name to the 2D or cube target and enables that target (med)
0x00420670	CAurTexture::ReleaseGL		deletes the GL texture names of a texture (med)
0x00420970	CAurTexture::CreateGLTextures	int CreateGLTextures(int)	generates GL names (one per tile) and dispatches to the 2D or cube, compressed or plain upload (high)
0x00420ac0	AurTexture_Find		case-insensitive search of the resident texture list (med)
0x00420ea0	Texture_FitPowerOfTwo		rounds texture dimensions to a power of two (med)
0x004211a0	Render_TakeScreenshot		reads the back buffer with glReadPixels and writes snapN.tga (high)
0x00421430	CAurTextureBase::Upload		vtable slot 43: forwards to CreateGLTextures (med)
0x004216a0	CAurTexture::FinishLoad		loads image data if needed and creates the GL texture(s) (med)
0x004217f0	AurTextures_ProcessPending	void AurTextures_ProcessPending()	drains the pending-texture queue (loads image data and uploads) and rebuilds the resident list (med)
0x00421d90	AurTextures_SetQuality	int AurTextures_SetQuality(int)	stores the texture quality level and releases textures so they reload (med)
0x00421ee0	AurTextures_Update	void AurTextures_Update()	per frame: finishes queued texture loads and updates texture statistics (med)
0x00422210	CAurTextureInfo::ParseFontField	void ParseFontField(char * szLine)	TXI font keys: numchars, fontheight, baselineheight, texturewidth, spacingR/B, upperleftcoords, lowerrightcoords (med)
0x00422e30	CAurTextureBase::CAurTextureBase		base texture constructor (med)
0x00423150	CAurTexture::CAurTexture		0xec-byte named texture object (med)
0x00423490	AurTexture_FindOrCreate		looks a texture up by name and creates/queues a new one if missing (high)
0x00423a60	AurTexture_Request	void AurTexture_Request(char *, char *)	convenience wrapper over AurTexture_FindOrCreate used by models, scenes and GUI (med)
0x00423f90	CAurTexture::UploadCubeMap		uploads six cube faces (uncompressed) with clamp-to-edge (med)
0x00424230	CAurTexture::UploadCubeMapAlt		cube-map variant that can take compressed faces (low)
0x00424980	CAurTexture::Upload2D		2D upload: DXT via glCompressedTexImage2DARB or glTexImage2D with mip chain / gluBuild2DMipmaps / SGIS auto mipmaps, wrap and filter setup (high)
0x00424dd0	CAurTexture::Upload2DAlt		second 2D upload path chosen by a texture virtual, also handles compressed data (low)
0x00425250	GL_SetClientActiveTexture	void GL_SetClientActiveTexture(int)	glClientActiveTextureARB wrapper (med)
0x00425520	GL_SetMeshArrays		sets all client arrays for a mesh vertex layout (med)
0x00425900	GL_SetVertexPointer		vertex pointer from a buffer handle (VBO bind or client memory) (med)
0x00425970	GL_SetColorPointer		colour pointer from a buffer handle (med)
0x004259e0	GL_SetNormalPointer		normal pointer from a buffer handle (med)
0x00425a40	GL_SetTexCoordPointer		texcoord pointer from a buffer handle (med)
0x00425ab0	GL_DrawElements	void GL_DrawElements(int, int, int, void *)	glDrawElements wrapper that binds the element buffer when VBOs are on (med)
0x00425af0	GL_CreatePbufferTarget		makes one 256x256 pbuffer with its own shared context and a bound texture (med)
0x00425c30	GL_CaptureMainContext	void GL_CaptureMainContext()	remembers the current HGLRC/HDC and clears the per-unit bound-texture cache (med)
0x00425ca0	CAurCamera::LoadViewMatrix		loads the modelview matrix from camera position and orientation (med)
0x004263c0	GL_CreateNoiseTexture	void GL_CreateNoiseTexture()	fills a 64x64 random grey texture and uploads it (med)
0x00426560	GL_CreatePbuffer	void * GL_CreatePbuffer()	chooses an RGBA8 render-to-texture pixel format and calls wglCreatePbufferARB (med)
0x00426660	GL_DrawShadowVolume		stencil shadow-volume draw with glDrawElements (low)
0x00426cc0	GL_CreateFrameBufferTargets	void GL_CreateFrameBufferTargets()	when soft shadows / frame-buffer effects are on, makes screen-copy textures and two pbuffer contexts sharing the main lists (med)
0x00427c90	GL_CreateEffectTargets	void GL_CreateEffectTargets()	frame-buffer-effect setup: screen-copy texture, colour lookup ramps and more pbuffers (low)
0x004299c0	GL_SetupScreenEffectStage		texture-stage setup for frame-buffer effect passes, switch on stage id (low)
0x0042e040	GL_ProbeMultisampleSupport	void GL_ProbeMultisampleSupport()	once per process: makes a hidden "Test GL Window" with a plain 32/24/8 pixel format, fetches wglGetExtensionsStringARB and wglChoosePixelFormatARB, sets the multisample bit in g_nGLCaps if WGL_ARB_multisample exists, then tears the window down; name descriptive (high)
0x0042e600	GL_SetupTextureShaderNV		NV register-combiner / texture-env implementation of the shader hook, a large switch on shader id (low)
0x00432180	GL_ReleaseRenderTargets		deletes pbuffer contexts/DCs and their textures, called when the context is destroyed (med)
0x004361f0	Render_ApplyScreenEffectsLate		second effects pass at the end of the scene (low)
0x00436390	GL_CreateVertexArrayManager	void GL_CreateVertexArrayManager()	creates the system-memory buffer manager when VBOs are unavailable (med)
0x00436400	GL_CreateVBOManager	void GL_CreateVBOManager()	creates the VBO-backed buffer manager (med)
0x00436490	GL_LoadExtensions	void GL_LoadExtensions()	reads the GL/WGL extension strings, sets g_nGLCaps bits, resolves ~200 entry points with wglGetProcAddress, picks ATI or NV texture-shader hooks, builds the noise texture and the vertex-buffer manager (high)
0x00437520	Render_ApplyScreenEffects		frame-buffer effects pass (screen copy, pbuffer passes, composite) gated by the "Frame Buffer" option (low)
0x00445840	CAurPartTriMesh::CAurPartTriMesh		trimesh part constructor, base of skin/dangly/animmesh (med)
0x00448a70	CAurPart::CreateFromMdlNode		factory switching on MDL node type flags (dummy, light, emitter, camera, reference, trimesh, skin, animmesh, aabb, dangly, saber) (high)
0x0044c1f0	Console_Execute	char * Console_Execute(char *)	parses and runs one console command line ("Function %s not found") (high)
0x0044c980	Console_ExecFile	char * Console_ExecFile(char *)	runs a console script such as config.txt or startup.txt ("Done executing file") (high)
0x0044cb10	Console_BuildBitmapFont	void Console_BuildBitmapFont()	builds glBitmap display lists for the console font (med)
0x0044cb90	Console_DrawBitmapText		draws console text with glRasterPos and display lists (med)
0x0044cc60	Console_FreeFont	void Console_FreeFont()	deletes the console font display lists (med)
0x0044ce50	Console_DrawText	void Console_DrawText(char *, int, int)	draws text at a console character cell (med)
0x0044d010	ConsoleLine_Draw		draws one console line with its colour fade (med)
0x0044d490	Console_Print	void Console_Print(char *, int, int, float)	queues a fading console text line (med)
0x0044d620	Console_RenderWatches	void Console_RenderWatches()	evaluates watched console expressions and prints "%s: %s" (low)
0x0044d6a0	Console_Render	void Console_Render()	draws watches and queued console lines, then resets frame stats (med)
0x0044d6d0	CAurGLDisplay::IsFullscreen	int IsFullscreen()	display vtable slot 1: returns the fullscreen flag at +0xac (med)
0x0044d6e0	CAurGLDisplay::FindBestDisplayMode		display vtable slot 3: walks EnumDisplaySettings and clamps the requested width/height/bpp/refresh to the best mode that fits (med)
0x0044d8d0	CAurGLDisplay::RestoreDesktop	void RestoreDesktop()	display vtable slot 6: resets gamma to 1.0 and, if fullscreen, returns to the desktop display mode (used on app deactivate) (med)
0x0044d900	CAurGLDisplay::ReapplyDisplayMode	void ReapplyDisplayMode()	display vtable slot 7: reapplies stored gamma and the stored fullscreen DEVMODE (used on app activate) (med)
0x0044d940	CAurGLDisplay::ReleaseInstance		drops a reference to the GL display singleton and deletes it at zero (high)
0x0044d970	CAurGLDisplay::GetGLContext	void * GetGLContext()	display vtable slot 10: returns the HGLRC kept at +0xb4 (med)
0x0044d990	CAurGLDisplay::SetGamma		display vtable slot 9: builds a 3x256 gamma ramp from a brightness value and applies it with SetDeviceGammaRamp (high)
0x0044da60	GL_EnableLight0	void GL_EnableLight0()	enables GL_LIGHT0 through a one-flag cache (high)
0x0044da80	GL_DisableLight0	void GL_DisableLight0()	disables GL_LIGHT0 through a one-flag cache (high)
0x0044dab0	CAurGLDisplay::CreateContext		display vtable slot 2: switches display mode (fullscreen) or sets windowed style, sizes the window, picks a pixel format (ARB multisample path or 32-bit colour/8 alpha/24 depth/8 stencil), creates and binds the GL context, loads extensions, builds render targets and vertex programs, applies v-sync; class name descriptive (high)
0x0044e3b0	CAurGLDisplay::CreateContextBasic		display vtable slot 4: older/simpler context creation (plain ChoosePixelFormat, no multisample), loads extensions once and builds vertex programs; not called directly (med)
0x0044e9e0	CAurGLDisplay::SetViewportSize	void SetViewportSize(int, int)	display vtable slot 5: stores the client size in the screen width/height globals and calls glViewport (med)
0x0044ea30	CAurGLDisplay::DestroyContext	void DestroyContext(int, int)	display vtable slot 8: frees vertex programs and render targets, releases the context, optionally restores the desktop mode and destroys the render window (med)
0x0044ec60	CAurGLDisplay::~CAurGLDisplay		destructor: clears console/trace state, frees the console font, destroys the context, falls back to the abstract base vtable (high)
0x0044ecd0	CAurGLDisplay::GetInstance		creates the 0xb8-byte GL display singleton on first use and bumps its reference count (high)
0x0044ed40	CAurGLDisplay::DeletingDestructor		vtable slot 0: destructor plus optional free (high)
0x0044ed90	Render_BeginFrame	void Render_BeginFrame()	optional throttle, samples free memory, then runs the per-frame texture bookkeeping (med)
0x0044ee20	Render_EnableShadows	void Render_EnableShadows()	"Shadows" option on (med)
0x0044ee30	Render_EnableGrass	void Render_EnableGrass()	"Grass" option on (med)
0x0044ee40	Render_DisableGrass	void Render_DisableGrass()	"Grass" option off (med)
0x0044ee50	Render_EnableSoftShadows	void Render_EnableSoftShadows()	"Soft Shadows" option on; implies shadows (med)
0x0044ee60	Render_DisableSoftShadows	void Render_DisableSoftShadows()	"Soft Shadows" option off (med)
0x0044ee70	Render_EnableFrameBufferEffects	void Render_EnableFrameBufferEffects()	"Frame Buffer" option on (med)
0x0044ee80	Render_DisableFrameBufferEffects	void Render_DisableFrameBufferEffects()	"Frame Buffer" option off (med)
0x0044ee90	Render_SetVSync	void Render_SetVSync(int)	calls wglSwapIntervalEXT when WGL_EXT_swap_control exists ("V-Sync" option) (high)
0x0044eee0	GL_CheckError	void GL_CheckError()	glGetError plus gluErrorString, result discarded (high)
0x0044ef60	Render_DisableVBO	void Render_DisableVBO()	"Disable Vertex Buffer Objects"=1 in swkotor.ini (high)
0x0044ef70	Render_DisableWriteOnlyVBO	void Render_DisableWriteOnlyVBO()	"Disable Write-Only VBO"=1 in swkotor.ini; also forced for GeForce3 (med)
0x0044ef80	Render_EnableWriteOnlyVBO	void Render_EnableWriteOnlyVBO()	counterpart of Render_DisableWriteOnlyVBO (med)
0x0044f080	Render_DisableShadows	void Render_DisableShadows()	"Shadows" option off; also clears soft shadows (med)
0x0044f140	GL_IsMultisampleFormatAvailable	int GL_IsMultisampleFormatAvailable(int)	asks wglChoosePixelFormatARB whether a format with N samples exists (med)
0x0044f2f0	Render_SetAntiAliasing	int Render_SetAntiAliasing(int)	validates and stores the multisample count (med)
0x0044f320	Render_GetMicroseconds	uint Render_GetMicroseconds()	QueryPerformanceCounter scaled to microseconds, used to time scene passes (high)
0x0044f820	GL_SetProgramEnvParam	void GL_SetProgramEnvParam(int, float, float, float, float)	writes one vertex-program environment vector (ARB or NV entry point) (high)
0x0044f880	GL_SetMaterial	void GL_SetMaterial(int, int, void *)	glMaterialfv through small face/pname lookup tables (med)
0x0044f8d0	CAurScene::LoadLayout	int LoadLayout(char * pName)	renderer-side .lyt reader (roomcount/trackcount); adds rooms, then loads the .vis (scene vtable 0x00741708 slot 27) (med)
0x0044fd60	CAurScene::FindByName	void * FindByName(char *)	case-insensitive lookup in the global scene list (high)
0x00450de0	CAurScene::SetupFog	void SetupFog()	scene vtable slot 73: enables GL fog from scene fog settings (med)
0x004512d0	CAurScene::Render	int Render()	scene vtable slot 6: frame timing, sets depth-func LEQUAL / alpha test / client arrays, advances the camera, then runs RenderPasses (slot 46) (high)
0x004514f0	CAurScene::RenderPasses	void RenderPasses()	scene vtable slot 46: fog, light model, opaque pass, stencil shadows, transparent pass, post effects, state reset (med)
0x00451a50	CAurScene::RenderSoftShadows		scene vtable slot 47: soft-shadow pass gated by the soft shadow and render-target flags (low)
0x00452b70	CAurScene::SaveVisibility	int SaveVisibility()	writes %s/%s.VIS in the same format (scene vtable slot 36) (med)
0x00456300	CAurScene::RenderStencilShadows		scene vtable slot 70: stencil shadow volumes and the darkening quad (med)
0x004568d0	CAurScene::LoadVisibility	int LoadVisibility(char * pName)	reads <name>.vis: room name with a count, then the rooms it sees (scene vtable slot 37) (med)
0x00458790	CAurScene::CAurScene		scene constructor: registers in the global scene list and sets up the focus gob, distortion and film-noise textures (high)
0x00458e70	CAurScene::Create	void * Create(char *)	allocates and constructs a named scene ("mainscene" for areas, "scene" for GUI views) (med)
0x00459170	GL_Viewport	void GL_Viewport(int, int, int, int)	thin glViewport wrapper (high)
0x004591b0	Render_Begin2D	void Render_Begin2D()	2D/GUI pass start: saves viewport, disables lighting and depth test, unit ortho projection, alpha blending (high)
0x004592b0	Render_End2D	void Render_End2D()	restores the projection matrix and re-enables lighting and depth test (high)
0x004592f0	Render_PushViewport	int Render_PushViewport(int, int, int, int, float *, int, float)	pushes a sub-viewport (GUI rectangle), optional clear (med)
0x00459580	Render_PopViewport	void Render_PopViewport()	pops the sub-viewport stack (med)
0x0045bdf0	CAurGuiString::Create	void * Create(char * szText, char * szFont, void * pColor, float fScale)	allocates the 0x48-byte render string (font texture plus text) that GUI text draws; owner class name is ours (low)
0x0045c300	GL_Perspective		thin gluPerspective wrapper (high)
0x0045c540	CAurCamera::Render	void Render()	camera vtable slot 2: viewport, projection (gluPerspective or ortho), frustum planes, view matrix, then calls the attached scene's Render (high)
0x0045d800	CAurCamera::CAurCamera		camera constructor (med)
0x0045d930	CAurCamera::Create	void * Create(char *)	allocates a 0x234-byte camera; used for the module camera and GUI model views (med)
0x0045e510	Render_DefaultLoadPLT		default PLT palette-texture loader from disk (high)
0x0045f4a0	Render_DefaultLoadDDS		default DDS loader from disk (med)
0x0045f710	GL_HasMultitexture	void GL_HasMultitexture()	caches whether ARB_multitexture exists (med)
0x0045f770	GL_UseVertexPrograms	int GL_UseVertexPrograms()	cached test: ARB_vertex_program present and enabled (med)
0x0045f8e0	GL_HasAnisotropy	void GL_HasAnisotropy()	caches whether EXT_texture_filter_anisotropic exists (med)
0x0045f980	GL_HasExtension	int GL_HasExtension(char *, char *)	tests whether a space-separated extension string contains a name (high)
0x0045fc90	GL_UseVBO	uint GL_UseVBO()	cached test: ARB_vertex_buffer_object usable and not disabled by swkotor.ini (med)
0x0045fd00	GL_GetStencilBits	int GL_GetStencilBits()	caches glGetIntegerv(GL_STENCIL_BITS) (high)
0x0046ee00	Render_ResetFrameStats	void Render_ResetFrameStats()	zeroes per-frame triangle and draw-call counters (med)
0x0046f900	CAurPartTriMesh::DrawIndexed		issues glDrawElements for each index list of a mesh, counts triangles and draw calls (med)
0x00473900	CAurPartTriMesh::ApplyMaterial		trimesh vtable slot 24: glMaterialfv colours and related state (low)
0x00474220	CAurPartTriMesh::Render		trimesh vtable slot 23: sets vertex arrays and material, draws, handles shadow volumes; shared by trimesh, saber, aabb, animmesh, dangly (med)
0x00477b90	CAurPartSkin::Render		skin vtable slot 23: bone matrices into vertex program parameters, then draws (med)
0x004794e0	GL_BuildATIFragmentShaders	void GL_BuildATIFragmentShaders()	compiles the fixed set of ATI_fragment_shader programs (med)
0x0047a2f0	GL_SetupTextureShaderATI		ATI_fragment_shader implementation of the shader hook (low)
0x0047c4c0	Stripifier::GetNextIndex		named by its log strings "GetNextIndex: ..."; triangle-strip builder for meshes (med)
0x0047ed60	Stripifier::BuildStripifyInfo		named by its log string; builds edge/triangle adjacency for strip generation (med)
0x004a24d0	CAurVertexProgram::Bind		binds the program, (re)compiling it from source when the context generation changed (med)
0x004a27d0	CAurVertexProgram::CAurVertexProgram		vertex program object (0x201c bytes): keeps the source text and a parameter-binding set (med)
0x004adbd0	CWorldTimer::Update		advances world time from the high resolution timer scaled by the speed percentage (med)
0x004adc80	CWorldTimer::GetFrameDelta		microseconds since the previous Update, 0 while paused; the main loops multiply by 1e-6 (med)
0x004ade40	CWorldTimer::GetWorldTime	void GetWorldTime(uint * pDay, uint * pTimeOfDay)	(med)
0x004adff0	CWorldTimer::PauseWorldTimer		(med)
0x004ae030	CWorldTimer::UnpauseWorldTimer		(med)
0x004ae4c0	CWorldTimer::CWorldTimer		0x44 bytes; 100% speed, 7200000 ms per day; client owns four at +0x24..+0x30 (med)
0x004ae6b0	CServerExoApp::GetModule	CSWSModule * __thiscall F()	forwards to the internal object; the current module (high)
0x004ae750	CServerExoApp::GetGameObject	void * __thiscall F(uint nObjectId)	id -> CGameObject*, any type, null if unknown (high)
0x004ae760	CServerExoApp::GetItemByGameObjectID	CSWSItem * __thiscall F(uint nObjectId)	null unless the object is type 6 (high)
0x004ae770	CServerExoApp::GetCreatureByGameObjectID	CSWSCreature * __thiscall F(uint nObjectId)	null unless type 5 (high)
0x004ae780	CServerExoApp::GetAreaByGameObjectID	CSWSArea * __thiscall F(uint nObjectId)	null unless type 4; caches the last answer (high)
0x004ae790	CServerExoApp::GetTriggerByGameObjectID	CSWSTrigger * __thiscall F(uint nObjectId)	type 7 (high)
0x004ae7a0	CServerExoApp::GetPlaceableByGameObjectID	CSWSPlaceable * __thiscall F(uint nObjectId)	type 9 (high)
0x004ae7b0	CServerExoApp::GetStoreByGameObjectID	CSWSStore * __thiscall F(uint nObjectId)	type 14 (high)
0x004ae7c0	CServerExoApp::GetDoorByGameObjectID	CSWSDoor * __thiscall F(uint nObjectId)	type 10 (high)
0x004ae7d0	CServerExoApp::GetAreaOfEffectByGameObjectID	CSWSAreaOfEffectObject * __thiscall F(uint nObjectId)	type 11 (high)
0x004ae7e0	CServerExoApp::GetWaypointByGameObjectID	CSWSWaypoint * __thiscall F(uint nObjectId)	type 12 (high)
0x004ae7f0	CServerExoApp::GetEncounterByGameObjectID	CSWSEncounter * __thiscall F(uint nObjectId)	type 13 (high)
0x004ae800	CServerExoApp::GetSoundObjectByGameObjectID	CSWSSoundObject * __thiscall F(uint nObjectId)	type 16 (high)
0x004ae860	CServerExoApp::MainLoop		called once per frame by WinMain after the client, and by RenderLoadingFrame (high)
0x004ae8f0	CServerExoApp::Initialize		(med)
0x004ae900	CServerExoApp::ShutDownServer		(med)
0x004ae910	CServerExoApp::GetClientObjectByObjectId	void * __thiscall F(uint nObjectId)	the player (CSWSPlayer) whose controlled creature has this id, else null (med)
0x004aea30	CServerExoApp::ClientToServerObjectId	uint __cdecl F(uint nObjectId)	clears bit 31 of an id (client-half ids carry it); OBJECT_INVALID passes through; descriptive name (med)
0x004aea40	CServerExoApp::GetPlayerCreatureId	uint __cdecl F()	id of the first player's creature, OBJECT_INVALID if none; descriptive name (low)
0x004aec00	CServerExoApp::CServerExoApp		vtable 0x00744184, owns a 0x1b944 CServerExoAppInternal (high)
0x004aec70	CServerExoApp::~CServerExoApp		(high)
0x004aed70	CServerExoApp::GetObjectArray	CGameObjectArray * __thiscall F()	internal +0x1005c (high)
0x004aed80	CServerExoApp::GetServerAIMaster	CServerAIMaster * __thiscall F()	internal +0x10044 (high)
0x004aed90	CServerExoApp::GetPlayerList	void * __thiscall F()	internal +0x10064, linked list of CSWSPlayer (med)
0x004aede0	CServerExoApp::GetWorldTimer	void * __thiscall F()	internal +0x10048; the timer events are scheduled against (med)
0x004af3d0	CServerAIMaster::RemoveObject	int __thiscall F(void *pObject)	(high)
0x004af630	CServerAIMaster::DebugPrintEvent	void __cdecl F(uint nCallerId, uint nObjectId, void *pEventData)	"DRF Event Added" log with EVENT_* and CSWSSCRIPTEVENT_EVENTTYPE_* names; descriptive name (med)
0x004afdb0	CServerAIMaster::AddEventAbsoluteTime	int __thiscall F(uint nDay, uint nTime, uint nCallerId, uint nObjectId, int nEventId, void *pEventData)	time-sorted insert of a 0x18-byte node (high)
0x004afea0	CServerAIMaster::SaveEvent		(med)
0x004b0290	CServerAIMaster::LoadEvent		(med)
0x004b0780	CServerAIMaster::CServerAIMaster		5 per-level object lists at +4 (0x10 each), event queue at +0x54 (high)
0x004b0850	CServerAIMaster::AddObject	int __thiscall F(void *pObject, int nAILevel)	level 0..4, kept at object+0x78 (high)
0x004b08a0	CServerAIMaster::SetAILevel	int __thiscall F(void *pObject, int nAILevel)	(high)
0x004b08d0	CServerAIMaster::AddEventDeltaTime	int __thiscall F(int nDays, int nMilliseconds, uint nCallerId, uint nObjectId, int nEventId, void *pEventData)	now + delta, then AddEventAbsoluteTime (high)
0x004b0970	CServerAIMaster::SaveEventQueue		GFF "EventQueue" (high)
0x004b0a00	CServerAIMaster::LoadEventQueue		(high)
0x004b0ab0	CServerAIMaster::ClearEventData	void __cdecl F(int nEventId, void *pEventData)	frees event payloads by event type (high)
0x004b0b70	CServerAIMaster::UpdateState		per-frame: dispatches due events to EventHandler (object/area/module), then AIUpdate round-robin within a time budget (high)
0x004b1340	CVirtualMachineCmdImplementer::ScalarDeletingDestructor	void * __thiscall ScalarDeletingDestructor(int flags)	abstract base vtable 0x007450ac slot 0; the other ten slots are _purecall (high)
0x004b14f0	CServerExoAppInternal::GetModule	CSWSModule * __thiscall F()	module id at +0x10060, cached at +0x1b918/+0x1b91c (high)
0x004b1680	CServerExoAppInternal::CopyModuleFile	int CopyModuleFile(void * sFrom, void * sTo)	CopyFileA of the module file (resolved paths) into CURRENTGAME, then clears read-only; first step of a module transition (high)
0x004b16e0	CSWVirtualMachineCommands::ScalarDeletingDestructor	void * __thiscall ScalarDeletingDestructor(int flags)	vtable 0x007450e4 slot 0 (high)
0x004b1700	CServerExoAppInternal::GetGameObject	void * __thiscall F(uint nObjectId)	array lookup, null on failure (high)
0x004b1740	CServerExoAppInternal::GetItemByGameObjectID	CSWSItem * __thiscall F(uint nObjectId)	checks type byte 6 then vtable AsSWSItem (high)
0x004b1790	CServerExoAppInternal::GetCreatureByGameObjectID	CSWSCreature * __thiscall F(uint nObjectId)	type 5, AsSWSCreature (high)
0x004b17e0	CServerExoAppInternal::GetAreaByGameObjectID	CSWSArea * __thiscall F(uint nObjectId)	type 4, one-entry cache at +0x1b920/+0x1b924 (high)
0x004b1880	CServerExoAppInternal::GetTriggerByGameObjectID	CSWSTrigger * __thiscall F(uint nObjectId)	type 7 (high)
0x004b18d0	CServerExoAppInternal::GetPlaceableByGameObjectID	CSWSPlaceable * __thiscall F(uint nObjectId)	type 9 (high)
0x004b1920	CServerExoAppInternal::GetDoorByGameObjectID	CSWSDoor * __thiscall F(uint nObjectId)	type 10 (high)
0x004b1970	CServerExoAppInternal::GetAreaOfEffectByGameObjectID	CSWSAreaOfEffectObject * __thiscall F(uint nObjectId)	type 11 (high)
0x004b19c0	CServerExoAppInternal::GetWaypointByGameObjectID	CSWSWaypoint * __thiscall F(uint nObjectId)	type 12 (high)
0x004b1a10	CServerExoAppInternal::GetEncounterByGameObjectID	CSWSEncounter * __thiscall F(uint nObjectId)	type 13 (high)
0x004b1a60	CServerExoAppInternal::GetSoundObjectByGameObjectID	CSWSSoundObject * __thiscall F(uint nObjectId)	type 16 (high)
0x004b1ab0	CServerExoAppInternal::GetStoreByGameObjectID	CSWSStore * __thiscall F(uint nObjectId)	type 14 (high)
0x004b1f70	CServerExoAppInternal::ClientToServerObjectId	uint __cdecl F(uint nObjectId)	id & 0x7fffffff unless OBJECT_INVALID (med)
0x004b2a50	CServerExoAppInternal::GetClientObjectByObjectId	void * __thiscall F(uint nObjectId)	walks the player list (+0x10064) for the player controlling this id (med)
0x004b4cb0	CServerExoAppInternal::GetPlayerCreatureId	uint __cdecl F()	descriptive name; first player's creature id (low)
0x004b55e0	CServerExoAppInternal::CServerExoAppInternal		(med)
0x004b63e0	CServerExoAppInternal::Initialize		(med)
0x004b7c60	CServerExoAppInternal::ShutDownServer		clears CURRENTGAME/GAMEINPROGRESS/TEMP directories and frees the module (med)
0x004b95b0	CServerExoAppInternal::LoadModule	int LoadModule(void * sModule, int nArg)	prepares CURRENTGAME:, finds the module file (GAMEINPROGRESS: rsv/sav, NWMFILES: nwm, MODULES: mod/rim, LIVEn:MODULES), checks disk space, records source and target in the module-transition block (med)
0x004babb0	CServerExoAppInternal::MainLoop		one server tick (high)
0x004c3030	CGameObject::~CGameObject	void __thiscall F()	(high)
0x004c3040	CGameObject::scalar_deleting_destructor	void * __thiscall F(int nFlags)	(high)
0x004c30c0	CResIFO::CResIFO		CResGFF with file type "IFO " (high)
0x004c4150	CSWSModule::AddModuleResources	void AddModuleResources(void * sModule)	mounts players.erf and LIPS:<m>_loc / LIPS:localization (ERF group 2), detects a .sav in CURRENTGAME:, runs the resman loader thread with a progress bar (high)
0x004c44d0	CSWSModule::RemoveModuleResources	void RemoveModuleResources(void * sModule)	unmounts everything AddModuleResources and the loader thread mounted (high)
0x004c4cc0	CSWSModule::SetResRef	void SetResRef(void * pResRef, int bDemand)	CResHelper for the IFO (2014), using CResIFO (high)
0x004c5120	CSWSModule::EventHandler		events addressed to the module id (med)
0x004c5720	CSWSModule::LoadModuleInProgress	int LoadModuleInProgress(int nArea)	creates the CSWSArea for Mod_Area_list[0] and loads it; on failure unmounts the module (med)
0x004c5880	CSWSModule::LoadModuleFinish	int LoadModuleFinish()	releases the IFO, marks the module loaded, notifies the client (med)
0x004c5980	CSWSModule::DemandModuleResourcesOfType	int DemandModuleResourcesOfType(void * sFileType, int nType, int bGFF)	walks every resource of a type in the module IFO's container and demands it (low)
0x004c68a0	CSWSModule::~CSWSModule	void __thiscall F()	(high)
0x004c6bb0	CSWSModule::AsSWSModule	CSWSModule * __thiscall F()	CGameObject slot 8 thunk: this-0x1c (high)
0x004c7050	CSWSModule::SaveModuleIFOStart	int SaveModuleIFOStart(void * pGFF, void * pStruct)	writes every Mod_* field back (save games) (med)
0x004c7de0	CSWSModule::AddObjectToLookupTable	int __thiscall F(void *pTag, uint nObjectId)	sorted (tag[32], id) table at module+0x130 used by tag lookups (med)
0x004c84a0	CSWSModule::CSWSModule		(high)
0x004c8940	CSWSModule::scalar_deleting_destructor	void * __thiscall F(int nFlags)	(high)
0x004c8960	CSWSModule::SaveModuleIFO	int SaveModuleIFO(void * pERF)	creates "IFO " V2.0 and stores it in the save ERF ("MOD V1.0") (med)
0x004c9050	CSWSModule::LoadModuleStart	int LoadModuleStart(void * sModule, int bResetTime)	(re)mounts the module, reads the IFO: entry area/position, time, scripts, area list (first area only), tokens, players, repute (high)
0x004ca7a0	CScriptLocation::CScriptLocation	CScriptLocation * __thiscall CScriptLocation(void)	0x18 bytes: position and orientation vectors, no area (high)
0x004ca7c0	CScriptLocation::CopyScriptLocation	void __thiscall CopyScriptLocation(CScriptLocation * pSource)	ignores NULL (high)
0x004ca800	CScriptLocation::LoadLocation	int __thiscall LoadLocation(CResGFF * pRes, CResStruct * pStruct)	(high)
0x004ca8e0	CScriptLocation::SaveLocation	int __thiscall SaveLocation(CResGFF * pRes, CResStruct * pStruct)	PositionX..Z, OrientationX..Z (high)
0x004ca9e0	CScriptTalent::CScriptTalent	CScriptTalent * __thiscall CScriptTalent(void)	0x18 bytes; type/id/IP index -1, item OBJECT_INVALID, caster level and meta type 0xff (high)
0x004caa10	CScriptTalent::CopyScriptTalent	void __thiscall CopyScriptTalent(CScriptTalent * pSource)	(high)
0x004caa50	CScriptTalent::SaveTalent	int __thiscall SaveTalent(CResGFF * pRes, CResStruct * pStruct)	ID, Type, MultiClass, Item, ItemPropertyIndex, CasterLevel, MetaType (high)
0x004caaf0	CScriptTalent::LoadTalent	int __thiscall LoadTalent(CResGFF * pRes, CResStruct * pStruct)	(high)
0x004cabb0	CScriptTalent::Equals	int __thiscall Equals(CScriptTalent * pOther)	all fields equal (high)
0x004cac30	CSWSObjectActionNode::SetParameter		stores parameter i (type: 1 int, 2 float, 3 object, 4 string, 5 script situation) into a queued action (med)
0x004cad20	CSWSObject::SetPortraitId	void __thiscall F(int nPortraitId)	slot 53; looks up portraits.2da BaseResRef, prefixes "po_", calls SetPortrait (high)
0x004caec0	CSWSObject::GetCurrentHitPoints	int __thiscall F(int bExcludeTemporary)	slot 39; +0xdc, plus +0xe4 unless the flag is 1 (high)
0x004caee0	CSWSObject::GetDamageImmunity	int __thiscall F(int nDamageType)	slot 44; byte array at +0x1ac (15 types), clamped to -100..100 (med)
0x004caf70	CSWSObject::GetDamageImmunityByFlags	int __thiscall F(int nDamageFlags)	slot 45; lowest immunity over the set bits (med)
0x004cb120	CSWSObject::GetArea	CSWSArea * __thiscall F()	area id at +0x8c through the object array (high)
0x004cb810	CSWSObject::GetDead	int __thiscall F()	slot 37: current HP < 1 (party members in dying mode: < -9) (high)
0x004cc280	CSWSObject::SetCurrentHitPoints	void __thiscall F(int nHitPoints)	+0xdc, held at 1 when Min1HP (+0x200) (high)
0x004cc390	CSWSObject::ClearAction	int __thiscall F(void *pActionNode, int bForce)	vtable slot 29; 1 = may be removed; special-cases dialog (0x18) and 0x20 (med)
0x004cc4d0	CSWSObjectActionNode::~CSWSObjectActionNode	void __thiscall F()	frees string and script-situation parameters of an action node (med)
0x004cc7e0	CSWSObject::SaveActionQueue		(med)
0x004cc9d0	CSWSObject::SaveEffectList		GFF "EffectList" (med)
0x004ccd80	CSWSObject::ClearAllActions	void __thiscall F(int bClearCombat)	only when Commandable (+0xe8); asks ClearAction per node; creatures also stop pathing and optionally combat (high)
0x004ccf60	CSWSObject::SetAnimation	void __thiscall F(int nAnimation)	slot 31; +0xd4, dirty flag 1 in +0x1fc (high)
0x004ccf80	CSWSObject::DoDamage	void __thiscall F(int nDamage)	slot 40; subtracts from current HP, held at 1 when Min1HP (+0x200) is set (med)
0x004cd170	CSWSObject::SetOrientation	void __thiscall F(float *pOrientation)	+0x9c..+0xa4, dirty flag 4 (high)
0x004cd1a0	CSWSObject::SetPosition	void __thiscall F(float *pPosition, int bUpdateArea, int nUnused, int bNoDirtyFlag)	+0x90..+0x98; re-sorts the area's object list when asked (high)
0x004cea20	CSWSObject::AddAction		appends a 0x74-byte action node (id, group, up to 13 typed parameters) to the queue at +0xfc; group 0xffff = new group, 0xfffe = same as last (high)
0x004cec50	CSWSObject::SaveObjectState		writer twin of LoadObjectState (med)
0x004cecb0	CSWSObject::LoadActionQueue		GFF "ActionList" (ActionId, GroupActionId, NumParams, Paramaters) (med)
0x004cfac0	CSWSObject::AddOpenDoorAction		queues action 0x14 (object, int) (med)
0x004cfb20	CSWSObject::AddCloseDoorAction		queues action 0x15 (med)
0x004cfb80	CSWSObject::AddUnlockObjectAction		queues action 0x26 (med)
0x004cfc20	CSWSObject::AddLockObjectAction		queues action 0x27 (med)
0x004cfcb0	CSWSObject::CSWSObject	void __thiscall F(int nObjectType, uint nObjectId, int bCharacterObject)	base ctor of every server object but area/module; registers in the object array (AddInternalObject when id is OBJECT_INVALID, else AddObjectAtPos) (high)
0x004d0170	CSWSObject::GetDialogResRef		slot 32; empty resref in the base (med)
0x004d0190	CSWSObject::GetFirstName	void * __thiscall F()	slots 35 and 36 (first/last name) in the base, both return the CExoLocString at +0xc (med)
0x004d01a0	CSWSObject::GetMaxHitPoints	int __thiscall F(int bIncludeBonus)	slot 38; short at +0xe0 (high)
0x004d01c0	CSWSObject::GetPortrait	void __thiscall F(void *pResRef)	slot 50; resref at +0x20 (med)
0x004d01f0	CSWSObject::SetPortrait	void __thiscall F(void *pResRef)	slot 51 (med)
0x004d0210	CSWSObject::GetPortraitId	int __thiscall F()	slot 52; ushort at +0x30 (high)
0x004d0220	CSWSObject::~CSWSObject	void __thiscall F()	(high)
0x004d09c0	CSWSObject::scalar_deleting_destructor	void * __thiscall F(int nFlags)	(high)
0x004d1be0	CSWSObject::LoadEffectList		GFF "EffectList" (med)
0x004d1cf0	CSWSObject::LoadObjectState		reads EffectList, VarTable, SWVarTable, ActionList and Commandable from a saved object struct (high)
0x004d2210	CSWSCombatAttackData::SaveData		(med)
0x004d2450	CSWSCombatAttackData::LoadData		(med)
0x004d3010	CSWSCombatAttackData::Reinitialize	void __thiscall F()	one of 5 0x14c-byte attack records at round+4 (med)
0x004d3ec0	CSWSCombatRound::SaveCombatRound		GFF CombatRoundData (high)
0x004d4620	CSWSCombatRound::EndCombatRound		auto: named by its string at 0x007463d0
0x004d4c10	CSWSCombatRound::IncrementTimer		auto: named by its string at 0x00746418
0x004d4e80	CSWSCombatRound::DecrementPauseTimer		auto: named by its string at 0x00746540
0x004d5120	CSWSCombatRound::LoadCombatRound		(high)
0x004d5cb0	CSWSCombatRound::CSWSCombatRound	void __thiscall F(CSWSCreature *pCreature)	0x9d8 bytes, creature+0x9c8; owner at +0x9b4 (high)
0x004d5f70	CSWSCombatRound::StartCombatRound		3000 ms round, resets the 5 attack slots, master/slave pairing for duel animations (med)
0x004d6480	CScriptEvent::GetInteger	int __thiscall F(int nIndex)	0 past the end; identical code serves the message-data class (med)
0x004d64c0	CScriptEvent::GetObjectID	uint __thiscall F(int nIndex)	OBJECT_INVALID past the end (med)
0x004d69f0	CSWCCMessageData::CSWCCMessageData	void __thiscall F()	same 0x34-byte list layout, payload of EVENT_FEEDBACK_MESSAGE; class name assumed from NWN (low)
0x004d6a40	CSWCCMessageData::~CSWCCMessageData	void __thiscall F()	(low)
0x004d7270	CScriptEvent::Equals	int __thiscall Equals(CScriptEvent * pOther)	same type and equal parameter lists (high; name med)
0x004d7360	CScriptEvent::GetString		(med)
0x004d73a0	CScriptEvent::SaveEvent	int __thiscall SaveEvent(CResGFF * pRes, CResStruct * pStruct)	EventType, IntList, FloatList, StringList, ObjectList (med)
0x004d7540	CScriptEvent::CScriptEvent	void __thiscall F()	0x34 bytes: type (+0), int/float/string/object lists at +4/+0x10/+0x1c/+0x28 (med)
0x004d7590	CScriptEvent::~CScriptEvent	void __thiscall F()	(med)
0x004d7780	CScriptEvent::SetObjectID	void __thiscall F(int nIndex, uint nObjectId)	grows the list (med)
0x004d77f0	CScriptEvent::CopyScriptEvent	void __thiscall CopyScriptEvent(CScriptEvent * pSource)	(high; name med)
0x004d79b0	CScriptEvent::LoadEvent	int __thiscall LoadEvent(CResGFF * pRes, CResStruct * pStruct)	(med)
0x004d7d60	CGameObject::CGameObject	void __thiscall F(int nObjectType, uint nObjectId)	installs the base vtable, id at +4, type byte at +8 (high)
0x004d7d80	CGameObjectArray::CGameObjectArray	CGameObjectArray * __thiscall F(int bClientHalf)	0x1000 buckets, or 0x2000 when the client half exists (always 1 in practice); next-id counters: low 0, high 0x7fffffff (high)
0x004d7e10	CGameObjectArray::~CGameObjectArray	void __thiscall F()	deletes every object still registered, then the buckets (med)
0x004d7e90	CGameObjectArray::AddObjectAtPos	int __thiscall F(uint nObjectId, void *pObject)	insert under a caller-chosen id, bumping the counters past it; 0 ok, 1 bad id, 4 null object (med)
0x004d7ff0	CGameObjectArray::AddExternalObject	int __thiscall F(uint *pObjectId, void *pObject)	insert into the client half (bucket+0x1000) and set bit 31 of the id (med)
0x004d80e0	CGameObjectArray::AddInternalObject	int __thiscall F(uint *pObjectId, void *pObject, int bCharacterObject)	allocate a server id: counting up from 0, or down from 0x7fffffff for character (player) objects (high)
0x004d81a0	CGameObjectArray::Remove	int __thiscall F(uint nObjectId, void **ppObject)	unlink an id and hand back its object (NWN Delete(id, &obj)); 0 ok, 1 not found (high)
0x004d8230	CGameObjectArray::GetGameObject	int __thiscall F(uint nObjectId, void **ppObject)	the id lookup: bucket (id&0xfff) [+0x1000 if bit 31], chain of {id, object, next}; returns 0 on success, 1 if absent (high)
0x004d8290	CGameObjectArray::Delete	void __thiscall F(uint nObjectId)	Remove without returning the object (high)
0x004eb620	CSWSCreature::AddPickUpItemAction		queues 7 (PICKUPITEM) (med)
0x004eb6e0	CSWSCreature::RunHeartbeat		fires OnSpawn once (+0x34c flag) and OnHeartbeat every 3.0-4.2 s (+0x350/+0x354 last, +0x358 interval); perception timers (med)
0x004ebf20	CSWSCreature::ReadScriptsFromGff		the 14 Script* resrefs into CExoStrings at +0x230..+0x298 (high)
0x004ed310	CSWSCreature::GetMaxHitPoints	int __thiscall F(int bIncludeBonus)	slot 38 (high)
0x004ed4c0	CSWSCreature::SetPortraitId	void __thiscall F(int nPortraitId)	slot 53 (med)
0x004ef820	CSWSCreature::GetDead	int __thiscall F()	slot 37 (med)
0x004f0420	CSWSCreature::AddEquipItemActions		queues 8 (med)
0x004f06d0	CSWSCreature::AddUnequipActions		queues 0xb (med)
0x004f0840	CSWSCreature::AddDropItemActions		queues 9 (DROPITEM) with a position (med)
0x004f0d70	CSWSCreature::SetAnimation	void __thiscall F(int nAnimation)	slot 31 (med)
0x004f1c40	CSWSCreature::PostProcess	void __thiscall F()	after-load fix-ups; validates the faction ("Cannot set creature %s to faction %d") (low)
0x004f7a10	CSWSCreature::CSWSCreature	void __thiscall F(uint nObjectId, int bCharacterObject)	allocates stats (+0xa74, 0x1b8 bytes), path info (+0x340), combat round (+0x9c8), item repository (+0xa30); joins the AI master at level 0; 14 script names default to "default" (high)
0x004f82e0	CSWSCreature::GetInterruptable	int __thiscall F()	slot 33; stats+0x54 (med)
0x004f82f0	CSWSCreature::GetGender	int __thiscall F()	slot 34; stats+0x64 (med)
0x004f8310	CSWSCreature::GetFirstName	void * __thiscall F()	slot 35; stats+0x34 (high)
0x004f8330	CSWSCreature::GetLastName	void * __thiscall F()	slot 36; stats+0x3c (high)
0x004f8350	CSWSCreature::GetLastSpellId	int __thiscall F()	slot 46; +0x8f0 (low)
0x004f8360	CSWSCreature::SetLastSpellId	void __thiscall F(int nSpellId)	slot 47; set around the spell-impact script (low)
0x004f8410	CSWSCreature::~CSWSCreature	void __thiscall F()	(high)
0x004f8b60	CSWSCreature::AddMoveToPointAction		queues action 1 (MOVETOPOINT) with the packed movement flags (high)
0x004f9460	CSWSCreature::AddCastSpellActions		queues 0xf (CASTSPELL) and its move-to steps (med)
0x004fab00	CSWSCreature::ClearAction	int __thiscall F(void *pActionNode, int bForce)	slot 29 (med)
0x004faf20	CSWSCreature::UpdateCombat	void __thiscall F()	per-frame combat-round timers (IncrementTimer, DecrementPauseTimer, EndCombatRound) (med)
0x004fd490	CSWSCreature::GetMaxForcePoints	int __thiscall F()	stats +0x122 (base) + total level x (WIS mod + CHA mod) + feat bonuses; 0 for droids (race 5) (high)
0x004fde20	CSWSCreature::scalar_deleting_destructor	void * __thiscall F(int nFlags)	(high)
0x004fde40	CSWSCreature::AddAttackActions		queues 0x3f then 0xc (ATTACKOBJECT) (med)
0x004fe210	CSWSCreature::AIUpdate	void __thiscall F()	slot 28, called by CServerAIMaster::UpdateState; heartbeat/perception, combat timers, then RunActions (high)
0x004fece0	CSWSCreature::EventHandler	void __thiscall F(int nEventId, uint nCallerId, void *pEventData, uint nCalendarDay, uint nTimeOfDay)	slot 30: (event id, caller id, event data, day, time); EVENT_SIGNAL_EVENT switches on the script event type and runs the matching script slot (high)
0x004ffda0	CSWSCreature::ReadItemsFromGff		ItemList / Equip_ItemList (InventoryRes, EquippedRes, Dropable) (med)
0x00500350	CSWSCreature::LoadCreature		reads a creature saved in a GIT/save struct (AreaId, stats, scripts, items, Animation, CreatnScrptFird, Listening ...) (med)
0x00500610	CSWSCreature::SaveCreature		writer for the same struct (high)
0x005026d0	CSWSCreature::LoadFromTemplate	int __thiscall F(void *pResRef, int nFlags)	opens the UTC (falls back to NW_BADGER), reads stats, scripts, items, spells, disguise, stealth, state, position, JoiningXP (high)
0x00503590	CGameEffect::~CGameEffect	void __thiscall ~CGameEffect(void)	(med)
0x00503790	CGameEffect::SaveEffect	void __thiscall SaveEffect(CResGFF * pRes, CResStruct * pStruct)	(med)
0x00503e40	CGameEffect::CGameEffect	CGameEffect * __thiscall CGameEffect(int bCreateNewID)	0x8c bytes; bCreateNewID takes a 64-bit id from the counter at 0x007a1b40 (high; name med)
0x00504090	CGameEffect::CopyEffect	void __thiscall CopyEffect(CGameEffect * pSource, int bSkipId)	copies fields; keeps its own id unless that is 0 (med)
0x005043a0	CGameEffect::LoadEffect	void __thiscall LoadEffect(CResGFF * pRes, CResStruct * pStruct)	(med)
0x00504830	CResARE::CResARE		CResGFF with file type "ARE " (high)
0x00504a70	CSWSArea::LoadCreatures		GIT "Creature List" (high)
0x00504de0	CSWSArea::LoadItems		GIT "List" (items lying in the area) (high)
0x00505060	CSWSArea::LoadEncounters		GIT "Encounter List" (high)
0x00505360	CSWSArea::LoadWaypoints		GIT "WaypointList" (high)
0x00505560	CSWSArea::LoadSounds		GIT "SoundList" (high)
0x005057a0	CSWSArea::LoadStores		GIT "StoreList" (high)
0x00505af0	CSWSArea::LoadAreaEffects		GIT "AreaEffectList" (high)
0x00505da0	CSWSArea::LoadAreaMap	void LoadAreaMap(void * pGFF, void * pStruct)	GIT AreaMap: explored map bitmap (AreaMapResX/Y, AreaMapData) (med)
0x00505eb0	CSWSArea::LoadCameras	void LoadCameras(void * pGFF, void * pStruct)	GIT CameraList: id, position, orientation, height, pitch, field of view, mic range (high)
0x00506c30	CSWSArea::SetResRef	void SetResRef(void * pResRef, int bDemand)	CResHelper for the ARE (2012), using CResARE; the helper sits at area+0x100 (high)
0x00506fe0	CSWSArea::UpdatePositionInObjectsArray	int __thiscall F(void *pObject)	keeps the area's object list sorted by x (med)
0x005073d0	CSWSArea::LoadLayout	int LoadLayout()	loads <area>.lyt through CLayout and builds the room array (+0x22c count, +0x230 rooms) (high)
0x00507490	CSWSArea::LoadProperties	void LoadProperties(void * pGFF, void * pStruct)	GIT AreaProperties (saved state over the ARE): Unescapable, RestrictMode, StealthXP*, TransPending*, SunFogColor (med)
0x00507680	CSWSArea::SaveCreatures		(high)
0x00507750	CSWSArea::SaveItems		(high)
0x00507810	CSWSArea::SaveDoors		(high)
0x005078d0	CSWSArea::SaveTriggers		(high)
0x00507990	CSWSArea::SaveEncounters		(high)
0x00507a50	CSWSArea::SaveWaypoints		(high)
0x00507b10	CSWSArea::SaveSounds		(high)
0x00507bd0	CSWSArea::SavePlaceables		(high)
0x00507ca0	CSWSArea::SaveStores		(high)
0x00507d60	CSWSArea::SaveAreaEffects		(high)
0x00508400	CSWSArea::LoadPathPoints	int LoadPathPoints()	reads <area>.pth ("PTH "): Path_Points with Conections (sic) and First_Conection (high)
0x00508c50	CSWSArea::LoadAreaHeader	int LoadAreaHeader(void * pStruct)	reads the ARE top struct: name, scripts, fog/sun/ambient, grass, map, Rooms (room name, ambient scale, env audio), stealth XP (high)
0x0050a0e0	CSWSArea::LoadDoors		GIT "Door List" (high)
0x0050a350	CSWSArea::LoadTriggers		GIT "TriggerList" (high)
0x0050a7b0	CSWSArea::LoadPlaceables		GIT "Placeable List" (high)
0x0050ba00	CSWSArea::SaveGIT		(high)
0x0050cf80	CSWSArea::CSWSArea		(high)
0x0050d340	CSWSArea::AsSWSArea	CSWSArea * __thiscall F()	CGameObject slot 10 thunk: this-0x11c (high)
0x0050d370	CSWSArea::~CSWSArea	void __thiscall F()	(high)
0x0050d6c0	CSWSArea::EventHandler		events addressed to an area id (med)
0x0050dc40	CSWSArea::RemoveObjectFromArea	int __thiscall F(uint nObjectId)	(med)
0x0050dd80	CSWSArea::LoadGIT		reads the area's GIT and calls the per-list loaders (UseTemplates switch) (high)
0x0050dfb0	CSWSArea::scalar_deleting_destructor	void * __thiscall F(int nFlags)	(high)
0x0050dfd0	CSWSArea::AddObjectToArea	int __thiscall F(uint nObjectId, int bRunEnterScript)	inserts into the x-sorted id list at +0x190; for creatures signals ON_OBJECT_ENTER (12) to the area (high)
0x0050e190	CSWSArea::LoadArea	int LoadArea(int bFromSave)	demands the ARE, then header, layout, GIT, path points; releases the ARE (high)
0x0050e400	CSWSCreature::AIActionFlagTrap	int __thiscall F(void *pActionNode)	action 0x1b = ACTION_FLAGTRAP (high)
0x0050e900	CSWSCreature::AIActionExamineTrap	int __thiscall F(void *pActionNode)	action 0x1c = ACTION_EXAMINETRAP (high)
0x0050f170	CSWSCreature::AIActionItemCastSpell	int __thiscall F(void *pActionNode)	action 0x2e = ACTION_ITEMCASTSPELL (med)
0x0050fd50	CSWSCreature::AIActionMoveAwayFromLocation	int __thiscall F(void *pActionNode)	action 0x2c, queued by ActionMoveAwayFromLocation (med)
0x00510fd0	CSWSCreature::AIActionEquipItem	int __thiscall F(void *pActionNode)	action 8 (med)
0x00511130	CSWSCreature::AIActionFollowLeader	int __thiscall F(void *pActionNode)	action 0x3d = ACTION_FOLLOWLEADER (med)
0x005132e0	CSWSCreature::AIActionFollow	int __thiscall F(void *pActionNode)	action 0x37 = ACTION_FOLLOW (ActionForceFollowObject) (med)
0x00513830	CSWSCreature::AIActionDropItem	int __thiscall F(void *pActionNode)	action 9 = ACTION_DROPITEM (high)
0x00513ec0	CSWSCreature::AIActionUnequipItem	int __thiscall F(void *pActionNode)	action 0xb (med)
0x00514270	CSWSCreature::AIActionCounterSpell	int __thiscall F(void *pActionNode)	action 0x32 = ACTION_COUNTERSPELL (med)
0x00514af0	CSWSCreature::AIActionCastSpell	int __thiscall F(void *pActionNode)	action 0xf = ACTION_CASTSPELL (high)
0x005155b0	CSWSCreature::AIActionCheckMoveAwayFromObject	int __thiscall F(void *pActionNode)	action 3, queued by ActionMoveAwayFromObject (med)
0x00515ac0	CSWSCreature::AIActionRandomWalk	int __thiscall F(void *pActionNode)	action 0x2d, queued by ActionRandomWalk (med)
0x00517410	CSWSCreature::AIActionPickUpItem	int __thiscall F(void *pActionNode)	action 7 = ACTION_PICKUPITEM (high)
0x00517a60	CSWSCreature::AIActionHeal	int __thiscall F(void *pActionNode)	action 0x38 = ACTION_HEAL (med)
0x00518c40	CSWSCreature::AIActionRecoverTrap	int __thiscall F(void *pActionNode)	action 0x1a = ACTION_RECOVERTRAP (high)
0x00519570	CSWSCreature::AIActionDisableTrap	int __thiscall F(void *pActionNode)	action 0x19 = ACTION_DISABLETRAP (high)
0x00519e30	CSWSCreature::AIActionSetTrap	int __thiscall F(void *pActionNode)	action 0x1d = ACTION_SETTRAP (mines; reads traps.2da) (high)
0x0051b420	CSWSCreature::AIActionSurrenderToEnemies	int __thiscall F()	action 0x41, queued by ActionSurrenderToEnemies (med)
0x0051d110	CSWSCreature::AIActionJumpToObject	int __thiscall F(void *pActionNode)	action 0x30, queued by ActionJumpToObject (med)
0x0051d600	CSWSCreature::AIActionJumpToPoint	int __thiscall F(void *pActionNode)	action 5, queued by ActionJumpToLocation (high)
0x0051f4f0	CSWSCreature::AIActionMoveToPoint	int __thiscall F(void *pActionNode)	action 1 (high)
0x0052a280	ReadTableWithCat		named by its log strings "ReadTableWithCat(): STRING/LOCATION/NUMBER/BOOLEAN won't fit" (med)
0x0052bf80	CScriptLocation::Equals	int __thiscall Equals(CScriptLocation * pOther)	both vectors equal (high)
0x0052c070	CSWVirtualMachineCommands::~CSWVirtualMachineCommands	void __thiscall ~CSWVirtualMachineCommands(void)	frees the routine table at +0xc (high)
0x0052c0d0	CSWVirtualMachineCommands::RunCommand	int __thiscall RunCommand(int nCommand, int nParameters)	vtable slot 2: bounds-checks nCommand < 772, calls table[nCommand](nCommand, nParameters); -2002 if no handler
0x0052c100	CSWVirtualMachineCommands::RunScriptCallback	void __thiscall RunScriptCallback(CExoString * sScript)	vtable slot 3, called by RunScript; appends name and a comma to a string at +0x60 of the object from 0x004aed80 (behaviour high; name and purpose med)
0x0052c140	CSWVirtualMachineCommands::CopyGameDefinedStructure	void * __thiscall CopyGameDefinedStructure(int nType, void * pSource)	slot 8; NULL source gives a default object (used by RSADD) (high)
0x0052c2d0	CSWVirtualMachineCommands::SaveGameDefinedStructure	int __thiscall SaveGameDefinedStructure(int nType, void * pStructure, CResGFF * pRes, CResStruct * pStruct)	slot 9; child struct GameDefinedStrct with id nType (high)
0x0052c360	CSWVirtualMachineCommands::LoadGameDefinedStructure	int __thiscall LoadGameDefinedStructure(int nType, void * ppStructure, CResGFF * pRes, CResStruct * pStruct)	slot 10 (high)
0x0052c510	CSWVirtualMachineCommands::GetEqualGameDefinedStructure	int __thiscall GetEqualGameDefinedStructure(int nType, void * pA, void * pB)	slot 7; effects compare their 64-bit id (high)
0x0052c580	CSWVirtualMachineCommands::CreateGameDefinedStructure	void * __thiscall CreateGameDefinedStructure(int nType)	slot 5: 0 CGameEffect, 1 CScriptEvent, 2 CScriptLocation, 3 CScriptTalent (high)
0x0052c6a0	CSWVirtualMachineCommands::ExecuteCommandActionBarkString	int __thiscall ExecuteCommand(int nCommand, int nParameters)	NWScript routine 700 ActionBarkString
0x0052c740	CSWVirtualMachineCommands::ExecuteCommandActionDoCommand	int __thiscall ExecuteCommand(int nCommand, int nParameters)	NWScript routine 294 ActionDoCommand
0x0052c7b0	CSWVirtualMachineCommands::ExecuteCommandActionEquipMostDamagingMelee	int __thiscall ExecuteCommand(int nCommand, int nParameters)	NWScript routine 399 ActionEquipMostDamagingMelee
0x0052c820	CSWVirtualMachineCommands::ExecuteCommandActionEquipMostDamagingRanged	int __thiscall ExecuteCommand(int nCommand, int nParameters)	NWScript routine 400 ActionEquipMostDamagingRanged
0x0052c880	CSWVirtualMachineCommands::ExecuteCommandActionEquipMostEffectiveArmor	int __thiscall ExecuteCommand(int nCommand, int nParameters)	NWScript routine 404 ActionEquipMostEffectiveArmor
0x0052c8b0	CSWVirtualMachineCommands::ExecuteCommandActionGiveItem	int __thiscall ExecuteCommand(int nCommand, int nParameters)	NWScript routines (shared handler, switches on nCommand): 135 ActionGiveItem, 136 ActionTakeItem
0x0052c960	CSWVirtualMachineCommands::ExecuteCommandActionForceFollowObject	int __thiscall ExecuteCommand(int nCommand, int nParameters)	NWScript routine 167 ActionForceFollowObject
0x0052cbe0	CSWVirtualMachineCommands::ExecuteCommandActionFollowLeader	int __thiscall ExecuteCommand(int nCommand, int nParameters)	NWScript routine 730 ActionFollowLeader
0x0052cc70	CSWVirtualMachineCommands::ExecuteCommandActionInteractObject	int __thiscall ExecuteCommand(int nCommand, int nParameters)	NWScript routine 329 ActionInteractObject
0x0052cce0	CSWVirtualMachineCommands::ExecuteCommandActionJumpToObject	int __thiscall ExecuteCommand(int nCommand, int nParameters)	NWScript routines (shared handler, switches on nCommand): 196 ActionJumpToObject, 385 JumpToObject
0x0052cdc0	CSWVirtualMachineCommands::ExecuteCommandActionJumpToLocation	int __thiscall ExecuteCommand(int nCommand, int nParameters)	NWScript routines (shared handler, switches on nCommand): 214 ActionJumpToLocation, 313 JumpToLocation
0x0052cff0	CSWVirtualMachineCommands::ExecuteCommandActionUnlockObject	int __thiscall ExecuteCommand(int nCommand, int nParameters)	NWScript routines (shared handler, switches on nCommand): 483 ActionUnlockObject, 484 ActionLockObject
0x0052d090	CSWVirtualMachineCommands::ExecuteCommandActionMoveAwayFromLocation	int __thiscall ExecuteCommand(int nCommand, int nParameters)	NWScript routine 360 ActionMoveAwayFromLocation
0x0052d330	CSWVirtualMachineCommands::ExecuteCommandActionPauseConversation	int __thiscall ExecuteCommand(int nCommand, int nParameters)	NWScript routine 205 ActionPauseConversation
0x0052d440	CSWVirtualMachineCommands::ExecuteCommandActionRandomWalk	int __thiscall ExecuteCommand(int nCommand, int nParameters)	NWScript routine 20 ActionRandomWalk
0x0052d520	CSWVirtualMachineCommands::ExecuteCommandActionResumeConversation	int __thiscall ExecuteCommand(int nCommand, int nParameters)	NWScript routine 206 ActionResumeConversation
0x0052d5b0	CSWVirtualMachineCommands::ExecuteCommandActionStartConversation	int __thiscall ExecuteCommand(int nCommand, int nParameters)	NWScript routine 204 ActionStartConversation
0x0052d8f0	CSWVirtualMachineCommands::ExecuteCommandActionUseFeat	int __thiscall ExecuteCommand(int nCommand, int nParameters)	NWScript routine 287 ActionUseFeat
0x0052d9b0	CSWVirtualMachineCommands::ExecuteCommandActionUseSkill	int __thiscall ExecuteCommand(int nCommand, int nParameters)	NWScript routine 288 ActionUseSkill
0x0052daf0	CSWVirtualMachineCommands::ExecuteCommandActionUseTalentOnObject	int __thiscall ExecuteCommand(int nCommand, int nParameters)	NWScript routines (shared handler, switches on nCommand): 309 ActionUseTalentOnObject, 310 ActionUseTalentAtLocation
0x0052dc40	CSWVirtualMachineCommands::ExecuteCommandAddAvailableNPCByObject	int __thiscall ExecuteCommand(int nCommand, int nParameters)	NWScript routine 694 AddAvailableNPCByObject
0x0052dcd0	CSWVirtualMachineCommands::ExecuteCommandAddAvailableNPCByTemplate	int __thiscall ExecuteCommand(int nCommand, int nParameters)	NWScript routine 697 AddAvailableNPCByTemplate
0x0052ddc0	CSWVirtualMachineCommands::ExecuteCommandAddMultiClass	int __thiscall ExecuteCommand(int nCommand, int nParameters)	NWScript routine 389 AddMultiClass
0x0052de70	CSWVirtualMachineCommands::ExecuteCommandAddPartyMember	int __thiscall ExecuteCommand(int nCommand, int nParameters)	NWScript routine 574 AddPartyMember
0x0052df40	CSWVirtualMachineCommands::ExecuteCommandAddToParty	int __thiscall ExecuteCommand(int nCommand, int nParameters)	NWScript routine 572 AddToParty
0x0052dfe0	CSWVirtualMachineCommands::ExecuteCommandAdjustAlignment	int __thiscall ExecuteCommand(int nCommand, int nParameters)	NWScript routine 201 AdjustAlignment
0x0052e1a0	CSWVirtualMachineCommands::ExecuteCommandAdjustReputation	int __thiscall ExecuteCommand(int nCommand, int nParameters)	NWScript routine 209 AdjustReputation
0x0052e270	CSWVirtualMachineCommands::ExecuteCommandAmbientSoundPlay	int __thiscall ExecuteCommand(int nCommand, int nParameters)	NWScript routines (shared handler, switches on nCommand): 433 AmbientSoundPlay, 434 AmbientSoundStop, 435 AmbientSoundChangeDay, 436 AmbientSoundChangeNight, 567 AmbientSoundSetDayVolume, 568 AmbientSoundSetNightVolume
0x0052e430	CSWVirtualMachineCommands::ExecuteCommandApplyEffectAtLocation	int __thiscall ExecuteCommand(int nCommand, int nParameters)	NWScript routine 216 ApplyEffectAtLocation
0x0052e570	CSWVirtualMachineCommands::ExecuteCommandApplyEffectToObject	int __thiscall ExecuteCommand(int nCommand, int nParameters)	NWScript routine 220 ApplyEffectToObject
0x0052e720	CSWVirtualMachineCommands::ExecuteCommandAssignCommand	int __thiscall ExecuteCommand(int nCommand, int nParameters)	NWScript routine 6 AssignCommand
0x0052e7f0	CSWVirtualMachineCommands::ExecuteCommandActionAttack	int __thiscall ExecuteCommand(int nCommand, int nParameters)	NWScript routine 37 ActionAttack
0x0052e890	CSWVirtualMachineCommands::ExecuteCommandCutsceneAttack	int __thiscall ExecuteCommand(int nCommand, int nParameters)	NWScript routine 503 CutsceneAttack
0x0052e950	CSWVirtualMachineCommands::ExecuteCommandCutsceneMove	int __thiscall ExecuteCommand(int nCommand, int nParameters)	NWScript routine 507 CutsceneMove
0x0052e9f0	CSWVirtualMachineCommands::ExecuteCommandBeginConversation	int __thiscall ExecuteCommand(int nCommand, int nParameters)	NWScript routine 255 BeginConversation
0x0052ee50	CSWVirtualMachineCommands::ExecuteCommandActionCastSpellAtObject	int __thiscall ExecuteCommand(int nCommand, int nParameters)	NWScript routines (shared handler, switches on nCommand): 48 ActionCastSpellAtObject, 234 ActionCastSpellAtLocation, 501 ActionCastFakeSpellAtObject, 502 ActionCastFakeSpellAtLocation
0x0052f2f0	CSWVirtualMachineCommands::ExecuteCommandChangeFaction	int __thiscall ExecuteCommand(int nCommand, int nParameters)	NWScript routines (shared handler, switches on nCommand): 173 ChangeFaction, 412 ChangeToStandardFaction
0x0052f4a0	CSWVirtualMachineCommands::ExecuteCommandClearAllActions	int __thiscall ExecuteCommand(int nCommand, int nParameters)	NWScript routine 9 ClearAllActions
0x0052f4f0	CSWVirtualMachineCommands::ExecuteCommandActionCloseDoor	int __thiscall ExecuteCommand(int nCommand, int nParameters)	NWScript routine 44 ActionCloseDoor
0x0052f570	CSWVirtualMachineCommands::ExecuteCommandCreateItemOnObject	int __thiscall ExecuteCommand(int nCommand, int nParameters)	NWScript routine 31 CreateItemOnObject
0x0052f820	CSWVirtualMachineCommands::ExecuteCommandCreateObject	int __thiscall ExecuteCommand(int nCommand, int nParameters)	NWScript routine 243 CreateObject
0x0052fe30	CSWVirtualMachineCommands::ExecuteCommandDelayCommand	int __thiscall ExecuteCommand(int nCommand, int nParameters)	NWScript routine 7 DelayCommand
0x0052ff20	CSWVirtualMachineCommands::ExecuteCommandDestroyObject	int __thiscall ExecuteCommand(int nCommand, int nParameters)	NWScript routine 241 DestroyObject
0x00530170	CSWVirtualMachineCommands::ExecuteCommandDisplayFeedBackText	int __thiscall ExecuteCommand(int nCommand, int nParameters)	NWScript routine 366 DisplayFeedBackText
0x005302f0	CSWVirtualMachineCommands::ExecuteCommandFeetToMeters	int __thiscall ExecuteCommand(int nCommand, int nParameters)	NWScript routines (shared handler, switches on nCommand): 218 FeetToMeters, 219 YardsToMeters
0x00530360	CSWVirtualMachineCommands::ExecuteCommandDoDoorAction	int __thiscall ExecuteCommand(int nCommand, int nParameters)	NWScript routines (shared handler, switches on nCommand): 338 DoDoorAction, 547 DoPlaceableObjectAction
0x00530660	CSWVirtualMachineCommands::ExecuteCommandDoSinglePlayerAutoSave	int __thiscall ExecuteCommand(int nCommand, int nParameters)	NWScript routine 512 DoSinglePlayerAutoSave
0x00530680	CSWVirtualMachineCommands::ExecuteCommandEffectAbilityDecrease	int __thiscall ExecuteCommand(int nCommand, int nParameters)	NWScript routine 446 EffectAbilityDecrease
0x005307f0	CSWVirtualMachineCommands::ExecuteCommandEffectAbilityIncrease	int __thiscall ExecuteCommand(int nCommand, int nParameters)	NWScript routine 80 EffectAbilityIncrease
0x00530960	CSWVirtualMachineCommands::ExecuteCommandEffectACDecrease	int __thiscall ExecuteCommand(int nCommand, int nParameters)	NWScript routine 450 EffectACDecrease
0x00530b20	CSWVirtualMachineCommands::ExecuteCommandEffectACIncrease	int __thiscall ExecuteCommand(int nCommand, int nParameters)	NWScript routine 115 EffectACIncrease
0x00530ce0	CSWVirtualMachineCommands::ExecuteCommandEffectAreaOfEffect	int __thiscall ExecuteCommand(int nCommand, int nParameters)	NWScript routine 171 EffectAreaOfEffect
0x00530f60	CSWVirtualMachineCommands::ExecuteCommandEffectAttackDecrease	int __thiscall ExecuteCommand(int nCommand, int nParameters)	NWScript routine 447 EffectAttackDecrease
0x005310e0	CSWVirtualMachineCommands::ExecuteCommandEffectAttackIncrease	int __thiscall ExecuteCommand(int nCommand, int nParameters)	NWScript routine 118 EffectAttackIncrease
0x00531260	CSWVirtualMachineCommands::ExecuteCommandEffectBeam	int __thiscall ExecuteCommand(int nCommand, int nParameters)	NWScript routine 207 EffectBeam
0x005313f0	CSWVirtualMachineCommands::ExecuteCommandEffectAssuredHit	int __thiscall ExecuteCommand(int nCommand, int nParameters)	NWScript routines (shared handler, switches on nCommand): 51 EffectAssuredHit, 130 EffectEntangle, 133 EffectDeath, 134 EffectKnockdown, 148 EffectParalyze, 154 EffectSleep, 157 EffectConfused, 158 EffectFrightened, 161 EffectStunned, 164 EffectRegenerate, 252 EffectAssuredDeflection, 270 EffectHaste, 402 EffectForceResisted, 420 EffectForceFizzle, 460 EffectDispelMagicAll, 463 EffectDisguise, 467 EffectTimeStop, 473 EffectDispelMagicBest, 754 EffectCutSceneHorrified, 755 EffectCutSceneParalyze, 756 EffectCutSceneStunned
0x005319a0	CSWVirtualMachineCommands::ExecuteCommandEffectConcealment	int __thiscall ExecuteCommand(int nCommand, int nParameters)	NWScript routine 458 EffectConcealment
0x00531ae0	CSWVirtualMachineCommands::ExecuteCommandEffectDamage	int __thiscall ExecuteCommand(int nCommand, int nParameters)	NWScript routine 79 EffectDamage
0x00531d50	CSWVirtualMachineCommands::ExecuteCommandEffectDamageDecrease	int __thiscall ExecuteCommand(int nCommand, int nParameters)	NWScript routine 448 EffectDamageDecrease
0x00531ef0	CSWVirtualMachineCommands::ExecuteCommandEffectDamageImmunityDecrease	int __thiscall ExecuteCommand(int nCommand, int nParameters)	NWScript routine 449 EffectDamageImmunityDecrease
0x00532050	CSWVirtualMachineCommands::ExecuteCommandEffectDamageImmunityIncrease	int __thiscall ExecuteCommand(int nCommand, int nParameters)	NWScript routine 275 EffectDamageImmunityIncrease
0x005321b0	CSWVirtualMachineCommands::ExecuteCommandEffectDamageIncrease	int __thiscall ExecuteCommand(int nCommand, int nParameters)	NWScript routine 120 EffectDamageIncrease
0x00532350	CSWVirtualMachineCommands::ExecuteCommandEffectDamageReduction	int __thiscall ExecuteCommand(int nCommand, int nParameters)	NWScript routine 119 EffectDamageReduction
0x00532500	CSWVirtualMachineCommands::ExecuteCommandEffectDamageResistance	int __thiscall ExecuteCommand(int nCommand, int nParameters)	NWScript routine 81 EffectDamageResistance
0x00532690	CSWVirtualMachineCommands::ExecuteCommandEffectForceShield	int __thiscall ExecuteCommand(int nCommand, int nParameters)	NWScript routine 459 EffectForceShield
0x00532790	CSWVirtualMachineCommands::ExecuteCommandEffectDamageShield	int __thiscall ExecuteCommand(int nCommand, int nParameters)	NWScript routine 487 EffectDamageShield
0x00532920	CSWVirtualMachineCommands::ExecuteCommandEffectForceDrain	int __thiscall ExecuteCommand(int nCommand, int nParameters)	NWScript routine 675 EffectForceDrain
0x00532a70	CSWVirtualMachineCommands::ExecuteCommandEffectHeal	int __thiscall ExecuteCommand(int nCommand, int nParameters)	NWScript routine 78 EffectHeal
0x00532bd0	CSWVirtualMachineCommands::ExecuteCommandEffectHitPointChangeWhenDying	int __thiscall ExecuteCommand(int nCommand, int nParameters)	NWScript routine 387 EffectHitPointChangeWhenDying
0x00532d00	CSWVirtualMachineCommands::ExecuteCommandEffectImmunity	int __thiscall ExecuteCommand(int nCommand, int nParameters)	NWScript routine 273 EffectImmunity
0x00532e40	CSWVirtualMachineCommands::ExecuteCommandEffectInvisibility	int __thiscall ExecuteCommand(int nCommand, int nParameters)	NWScript routine 457 EffectInvisibility
0x00532f80	CSWVirtualMachineCommands::ExecuteCommandEffectLinkEffects	int __thiscall ExecuteCommand(int nCommand, int nParameters)	NWScript routine 199 EffectLinkEffects
0x00533090	CSWVirtualMachineCommands::ExecuteCommandEffectMissChance	int __thiscall ExecuteCommand(int nCommand, int nParameters)	NWScript routine 477 EffectMissChance
0x005331c0	CSWVirtualMachineCommands::ExecuteCommandEffectModifyAttacks	int __thiscall ExecuteCommand(int nCommand, int nParameters)	NWScript routine 485 EffectModifyAttacks
0x005332e0	CSWVirtualMachineCommands::ExecuteCommandEffectMovementSpeedDecrease	int __thiscall ExecuteCommand(int nCommand, int nParameters)	NWScript routine 451 EffectMovementSpeedDecrease
0x00533420	CSWVirtualMachineCommands::ExecuteCommandEffectMovementSpeedIncrease	int __thiscall ExecuteCommand(int nCommand, int nParameters)	NWScript routine 165 EffectMovementSpeedIncrease
0x00533560	CSWVirtualMachineCommands::ExecuteCommandEffectPoison	int __thiscall ExecuteCommand(int nCommand, int nParameters)	NWScript routine 250 EffectPoison
0x00533660	CSWVirtualMachineCommands::ExecuteCommandEffectResurrection	int __thiscall ExecuteCommand(int nCommand, int nParameters)	NWScript routine 82 EffectResurrection
0x00533760	CSWVirtualMachineCommands::ExecuteCommandEffectSavingThrowDecrease	int __thiscall ExecuteCommand(int nCommand, int nParameters)	NWScript routine 452 EffectSavingThrowDecrease
0x00533910	CSWVirtualMachineCommands::ExecuteCommandEffectSavingThrowIncrease	int __thiscall ExecuteCommand(int nCommand, int nParameters)	NWScript routine 117 EffectSavingThrowIncrease
0x00533ac0	CSWVirtualMachineCommands::ExecuteCommandEffectSeeInvisible	int __thiscall ExecuteCommand(int nCommand, int nParameters)	NWScript routine 466 EffectSeeInvisible
0x00533b90	CSWVirtualMachineCommands::ExecuteCommandEffectSkillDecrease	int __thiscall ExecuteCommand(int nCommand, int nParameters)	NWScript routine 453 EffectSkillDecrease
0x00533d00	CSWVirtualMachineCommands::ExecuteCommandEffectSkillIncrease	int __thiscall ExecuteCommand(int nCommand, int nParameters)	NWScript routine 351 EffectSkillIncrease
0x00533e70	CSWVirtualMachineCommands::ExecuteCommandEffectSpellImmunity	int __thiscall ExecuteCommand(int nCommand, int nParameters)	NWScript routine 149 EffectSpellImmunity
0x00533fa0	CSWVirtualMachineCommands::ExecuteCommandEffectSpellLevelAbsorption	int __thiscall ExecuteCommand(int nCommand, int nParameters)	NWScript routine 472 EffectSpellLevelAbsorption
0x00534120	CSWVirtualMachineCommands::ExecuteCommandEffectForceResistanceDecrease	int __thiscall ExecuteCommand(int nCommand, int nParameters)	NWScript routine 454 EffectForceResistanceDecrease
0x00534230	CSWVirtualMachineCommands::ExecuteCommandEffectForceResistanceIncrease	int __thiscall ExecuteCommand(int nCommand, int nParameters)	NWScript routine 212 EffectForceResistanceIncrease
0x00534340	CSWVirtualMachineCommands::ExecuteCommandEffectTemporaryForcePoints	int __thiscall ExecuteCommand(int nCommand, int nParameters)	NWScript routine 156 EffectTemporaryForcePoints
0x00534490	CSWVirtualMachineCommands::ExecuteCommandEffectTemporaryHitpoints	int __thiscall ExecuteCommand(int nCommand, int nParameters)	NWScript routine 314 EffectTemporaryHitpoints
0x005345e0	CSWVirtualMachineCommands::ExecuteCommandEffectTrueSeeing	int __thiscall ExecuteCommand(int nCommand, int nParameters)	NWScript routine 465 EffectTrueSeeing
0x005346b0	CSWVirtualMachineCommands::ExecuteCommandEffectVisualEffect	int __thiscall ExecuteCommand(int nCommand, int nParameters)	NWScript routine 180 EffectVisualEffect
0x00534810	CSWVirtualMachineCommands::ExecuteCommandEffectDroidStun	int __thiscall ExecuteCommand(int nCommand, int nParameters)	NWScript routine 391 EffectDroidStun
0x005348c0	CSWVirtualMachineCommands::ExecuteCommandEffectForceJump	int __thiscall ExecuteCommand(int nCommand, int nParameters)	NWScript routine 153 EffectForceJump
0x005349f0	CSWVirtualMachineCommands::ExecuteCommandEffectForcePushed	int __thiscall ExecuteCommand(int nCommand, int nParameters)	NWScript routine 392 EffectForcePushed
0x00534ab0	CSWVirtualMachineCommands::ExecuteCommandEffectForcePushTargeted	int __thiscall ExecuteCommand(int nCommand, int nParameters)	NWScript routine 269 EffectForcePushTargeted
0x00534c20	CSWVirtualMachineCommands::ExecuteCommandEffectWhirlWind	int __thiscall ExecuteCommand(int nCommand, int nParameters)	NWScript routine 703 EffectWhirlWind
0x00534cd0	CSWVirtualMachineCommands::ExecuteCommandEffectBlasterDeflectionIncrease	int __thiscall ExecuteCommand(int nCommand, int nParameters)	NWScript routine 469 EffectBlasterDeflectionIncrease
0x00534db0	CSWVirtualMachineCommands::ExecuteCommandEffectBlasterDeflectionDecrease	int __thiscall ExecuteCommand(int nCommand, int nParameters)	NWScript routine 470 EffectBlasterDeflectionDecrease
0x00534e90	CSWVirtualMachineCommands::ExecuteCommandEffectHorrified	int __thiscall ExecuteCommand(int nCommand, int nParameters)	NWScript routine 471 EffectHorrified
0x00534f40	CSWVirtualMachineCommands::ExecuteCommandEffectDamageForcePoints	int __thiscall ExecuteCommand(int nCommand, int nParameters)	NWScript routine 372 EffectDamageForcePoints
0x00535020	CSWVirtualMachineCommands::ExecuteCommandEffectHealForcePoints	int __thiscall ExecuteCommand(int nCommand, int nParameters)	NWScript routine 373 EffectHealForcePoints
0x005351e0	CSWVirtualMachineCommands::ExecuteCommandEffectChoke	int __thiscall ExecuteCommand(int nCommand, int nParameters)	NWScript routine 159 EffectChoke
0x00535290	CSWVirtualMachineCommands::ExecuteCommandEffectBodyFuel	int __thiscall ExecuteCommand(int nCommand, int nParameters)	NWScript routine 224 EffectBodyFuel
0x00535340	CSWVirtualMachineCommands::ExecuteCommandEffectPsychicStatic	int __thiscall ExecuteCommand(int nCommand, int nParameters)	NWScript routine 676 EffectPsychicStatic
0x005353f0	CSWVirtualMachineCommands::ExecuteCommandEffectLightsaberThrow	int __thiscall ExecuteCommand(int nCommand, int nParameters)	NWScript routine 702 EffectLightsaberThrow
0x00535570	CSWVirtualMachineCommands::ExecuteCommandEndGame	int __thiscall ExecuteCommand(int nCommand, int nParameters)	NWScript routine 564 EndGame
0x005355f0	CSWVirtualMachineCommands::ExecuteCommandActionEquipItem	int __thiscall ExecuteCommand(int nCommand, int nParameters)	NWScript routine 32 ActionEquipItem
0x00535710	CSWVirtualMachineCommands::ExecuteCommandEventActivateItem	int __thiscall ExecuteCommand(int nCommand, int nParameters)	NWScript routine 424 EventActivateItem
0x005358c0	CSWVirtualMachineCommands::ExecuteCommandEventConversation	int __thiscall ExecuteCommand(int nCommand, int nParameters)	NWScript routine 295 EventConversation
0x00535960	CSWVirtualMachineCommands::ExecuteCommandEventSpellCastAt	int __thiscall ExecuteCommand(int nCommand, int nParameters)	NWScript routine 244 EventSpellCastAt
0x00535a90	CSWVirtualMachineCommands::ExecuteCommandEventUserDefined	int __thiscall ExecuteCommand(int nCommand, int nParameters)	NWScript routine 132 EventUserDefined
0x00535b70	CSWVirtualMachineCommands::ExecuteCommandExecuteScript	int __thiscall ExecuteCommand(int nCommand, int nParameters)	NWScript routine 8 ExecuteScript
0x00535c70	CSWVirtualMachineCommands::ExecuteCommandExportAllCharacters	int __thiscall ExecuteCommand(int nCommand, int nParameters)	NWScript routine 557 ExportAllCharacters
0x00535c90	CSWVirtualMachineCommands::ExecuteCommandFindSubString	int __thiscall ExecuteCommand(int nCommand, int nParameters)	NWScript routine 66 FindSubString
0x00535db0	CSWVirtualMachineCommands::ExecuteCommandFloatingTextStrRefOnCreature	int __thiscall ExecuteCommand(int nCommand, int nParameters)	NWScript routines (shared handler, switches on nCommand): 525 FloatingTextStrRefOnCreature, 526 FloatingTextStringOnCreature
0x00535fb0	CSWVirtualMachineCommands::ExecuteCommandFloatToInt	int __thiscall ExecuteCommand(int nCommand, int nParameters)	NWScript routine 231 FloatToInt
0x00536000	CSWVirtualMachineCommands::ExecuteCommandFloatToString	int __thiscall ExecuteCommand(int nCommand, int nParameters)	NWScript routine 3 FloatToString
0x005361b0	CSWVirtualMachineCommands::ExecuteCommandGetAbilityScore	int __thiscall ExecuteCommand(int nCommand, int nParameters)	NWScript routine 139 GetAbilityScore
0x00536310	CSWVirtualMachineCommands::ExecuteCommandGetAbilityModifier	int __thiscall ExecuteCommand(int nCommand, int nParameters)	NWScript routine 331 GetAbilityModifier
0x00536410	CSWVirtualMachineCommands::ExecuteCommandGetAC	int __thiscall ExecuteCommand(int nCommand, int nParameters)	NWScript routine 116 GetAC
0x005364f0	CSWVirtualMachineCommands::ExecuteCommandGetGoodEvilValue	int __thiscall ExecuteCommand(int nCommand, int nParameters)	NWScript routines (shared handler, switches on nCommand): 125 GetGoodEvilValue, 127 GetAlignmentGoodEvil
0x005365a0	CSWVirtualMachineCommands::ExecuteCommandGetAreaOfEffectCreator	int __thiscall ExecuteCommand(int nCommand, int nParameters)	NWScript routine 264 GetAreaOfEffectCreator
0x00536630	CSWVirtualMachineCommands::ExecuteCommandGetAppearanceType	int __thiscall ExecuteCommand(int nCommand, int nParameters)	NWScript routine 524 GetAppearanceType
0x005366a0	CSWVirtualMachineCommands::ExecuteCommandGetArea	int __thiscall ExecuteCommand(int nCommand, int nParameters)	NWScript routine 24 GetArea
0x005367b0	CSWVirtualMachineCommands::ExecuteCommandGetAreaUnescapable	int __thiscall ExecuteCommand(int nCommand, int nParameters)	NWScript routine 15 GetAreaUnescapable
0x00536800	CSWVirtualMachineCommands::ExecuteCommandGetAttackTarget	int __thiscall ExecuteCommand(int nCommand, int nParameters)	NWScript routine 316 GetAttackTarget
0x00536860	CSWVirtualMachineCommands::ExecuteCommandGetAttemptedAttackTarget	int __thiscall ExecuteCommand(int nCommand, int nParameters)	NWScript routine 361 GetAttemptedAttackTarget
0x005368b0	CSWVirtualMachineCommands::ExecuteCommandGetAttemptedSpellTarget	int __thiscall ExecuteCommand(int nCommand, int nParameters)	NWScript routine 375 GetAttemptedSpellTarget
0x00536900	CSWVirtualMachineCommands::ExecuteCommandGetAttemptedMovementTarget	int __thiscall ExecuteCommand(int nCommand, int nParameters)	NWScript routine 489 GetAttemptedMovementTarget
0x00536950	CSWVirtualMachineCommands::ExecuteCommandGetSpellTarget	int __thiscall ExecuteCommand(int nCommand, int nParameters)	NWScript routine 752 GetSpellTarget
0x005369b0	CSWVirtualMachineCommands::ExecuteCommandGetBaseItemType	int __thiscall ExecuteCommand(int nCommand, int nParameters)	NWScript routine 397 GetBaseItemType
0x00536a10	CSWVirtualMachineCommands::ExecuteCommandMusicBackgroundGetBattleTrack	int __thiscall ExecuteCommand(int nCommand, int nParameters)	NWScript routine 569 MusicBackgroundGetBattleTrack
0x00536a80	CSWVirtualMachineCommands::ExecuteCommandGetBlockingDoor	int __thiscall ExecuteCommand(int nCommand, int nParameters)	NWScript routine 336 GetBlockingDoor
0x00536ad0	CSWVirtualMachineCommands::ExecuteCommandGetCasterLevel	int __thiscall ExecuteCommand(int nCommand, int nParameters)	NWScript routine 84 GetCasterLevel
0x00536c60	CSWVirtualMachineCommands::ExecuteCommandGetChallengeRating	int __thiscall ExecuteCommand(int nCommand, int nParameters)	NWScript routine 494 GetChallengeRating
0x00536ce0	CSWVirtualMachineCommands::ExecuteCommandGetClassByPosition	int __thiscall ExecuteCommand(int nCommand, int nParameters)	NWScript routines (shared handler, switches on nCommand): 341 GetClassByPosition, 342 GetLevelByPosition, 343 GetLevelByClass
0x00536e40	CSWVirtualMachineCommands::ExecuteCommandGetCommandable	int __thiscall ExecuteCommand(int nCommand, int nParameters)	NWScript routine 163 GetCommandable
0x00536ec0	CSWVirtualMachineCommands::ExecuteCommandGetCreatureHasTalent	int __thiscall ExecuteCommand(int nCommand, int nParameters)	NWScript routine 306 GetCreatureHasTalent
0x00536f80	CSWVirtualMachineCommands::ExecuteCommandGetCreatureSize	int __thiscall ExecuteCommand(int nCommand, int nParameters)	NWScript routine 479 GetCreatureSize
0x00536fe0	CSWVirtualMachineCommands::ExecuteCommandGetCreatureTalentRandom	int __thiscall ExecuteCommand(int nCommand, int nParameters)	NWScript routines (shared handler, switches on nCommand): 307 GetCreatureTalentRandom, 308 GetCreatureTalentBest
0x00537250	CSWVirtualMachineCommands::ExecuteCommandGetDamageDealtByType	int __thiscall ExecuteCommand(int nCommand, int nParameters)	NWScript routine 344 GetDamageDealtByType
0x00537300	CSWVirtualMachineCommands::ExecuteCommandMusicBackgroundGetDayTrack	int __thiscall ExecuteCommand(int nCommand, int nParameters)	NWScript routine 558 MusicBackgroundGetDayTrack
0x00537370	CSWVirtualMachineCommands::ExecuteCommandGetDistanceBetween	int __thiscall ExecuteCommand(int nCommand, int nParameters)	NWScript routine 151 GetDistanceBetween
0x00537470	CSWVirtualMachineCommands::ExecuteCommandGetDistanceBetween2D	int __thiscall ExecuteCommand(int nCommand, int nParameters)	NWScript routine 319 GetDistanceBetween2D
0x00537590	CSWVirtualMachineCommands::ExecuteCommandGetDistanceBetweenLocations	int __thiscall ExecuteCommand(int nCommand, int nParameters)	NWScript routine 298 GetDistanceBetweenLocations
0x005376c0	CSWVirtualMachineCommands::ExecuteCommandGetDistanceBetweenLocations2D	int __thiscall ExecuteCommand(int nCommand, int nParameters)	NWScript routine 334 GetDistanceBetweenLocations2D
0x00537820	CSWVirtualMachineCommands::ExecuteCommandGetDistanceToObject	int __thiscall ExecuteCommand(int nCommand, int nParameters)	NWScript routine 41 GetDistanceToObject
0x00537960	CSWVirtualMachineCommands::ExecuteCommandGetDistanceToObject2D	int __thiscall ExecuteCommand(int nCommand, int nParameters)	NWScript routine 335 GetDistanceToObject2D
0x00537aa0	CSWVirtualMachineCommands::ExecuteCommandGetEffectCreator	int __thiscall ExecuteCommand(int nCommand, int nParameters)	NWScript routine 91 GetEffectCreator
0x00537b20	CSWVirtualMachineCommands::ExecuteCommandGetEffectDurationType	int __thiscall ExecuteCommand(int nCommand, int nParameters)	NWScript routine 89 GetEffectDurationType
0x00537b90	CSWVirtualMachineCommands::ExecuteCommandGetEffectSpellId	int __thiscall ExecuteCommand(int nCommand, int nParameters)	NWScript routine 305 GetEffectSpellId
0x00537c00	CSWVirtualMachineCommands::ExecuteCommandGetEffectSubType	int __thiscall ExecuteCommand(int nCommand, int nParameters)	NWScript routine 90 GetEffectSubType
0x00537c70	CSWVirtualMachineCommands::ExecuteCommandGetEffectType	int __thiscall ExecuteCommand(int nCommand, int nParameters)	NWScript routine 170 GetEffectType
0x00537ce0	CSWVirtualMachineCommands::ExecuteCommandGetIsEnemy	int __thiscall ExecuteCommand(int nCommand, int nParameters)	NWScript routines (shared handler, switches on nCommand): 235 GetIsEnemy, 236 GetIsFriend, 237 GetIsNeutral
0x00537e30	CSWVirtualMachineCommands::ExecuteCommandGetEncounterActive	int __thiscall ExecuteCommand(int nCommand, int nParameters)	NWScript routines (shared handler, switches on nCommand): 276 GetEncounterActive, 278 GetEncounterSpawnsMax, 280 GetEncounterSpawnsCurrent, 297 GetEncounterDifficulty
0x00537ee0	CSWVirtualMachineCommands::ExecuteCommandGetEnteringObject	int __thiscall ExecuteCommand(int nCommand, int nParameters)	NWScript routines (shared handler, switches on nCommand): 25 GetEnteringObject, 326 GetClickingObject
0x00537fe0	CSWVirtualMachineCommands::ExecuteCommandGetFacing	int __thiscall ExecuteCommand(int nCommand, int nParameters)	NWScript routine 28 GetFacing
0x005380f0	CSWVirtualMachineCommands::ExecuteCommandGetFactionAverageGoodEvilAlignment	int __thiscall ExecuteCommand(int nCommand, int nParameters)	NWScript routine 187 GetFactionAverageGoodEvilAlignment
0x00538190	CSWVirtualMachineCommands::ExecuteCommandGetFactionAverageLevel	int __thiscall ExecuteCommand(int nCommand, int nParameters)	NWScript routine 189 GetFactionAverageLevel
0x00538230	CSWVirtualMachineCommands::ExecuteCommandGetFactionAverageReputation	int __thiscall ExecuteCommand(int nCommand, int nParameters)	NWScript routine 186 GetFactionAverageReputation
0x005382e0	CSWVirtualMachineCommands::ExecuteCommandGetFactionAverageXP	int __thiscall ExecuteCommand(int nCommand, int nParameters)	NWScript routine 190 GetFactionAverageXP
0x00538380	CSWVirtualMachineCommands::ExecuteCommandGetFactionBestAC	int __thiscall ExecuteCommand(int nCommand, int nParameters)	NWScript routine 193 GetFactionBestAC
0x00538450	CSWVirtualMachineCommands::ExecuteCommandGetFactionEqual	int __thiscall ExecuteCommand(int nCommand, int nParameters)	NWScript routine 172 GetFactionEqual
0x00538500	CSWVirtualMachineCommands::ExecuteCommandGetFactionGold	int __thiscall ExecuteCommand(int nCommand, int nParameters)	NWScript routine 185 GetFactionGold
0x005385a0	CSWVirtualMachineCommands::ExecuteCommandGetFactionLeastDamagedMember	int __thiscall ExecuteCommand(int nCommand, int nParameters)	NWScript routine 184 GetFactionLeastDamagedMember
0x00538670	CSWVirtualMachineCommands::ExecuteCommandGetFactionLeader	int __thiscall ExecuteCommand(int nCommand, int nParameters)	NWScript routine 562 GetFactionLeader
0x005386f0	CSWVirtualMachineCommands::ExecuteCommandGetFirstFactionMember	int __thiscall ExecuteCommand(int nCommand, int nParameters)	NWScript routines (shared handler, switches on nCommand): 380 GetFirstFactionMember, 381 GetNextFactionMember
0x00538800	CSWVirtualMachineCommands::ExecuteCommandGetFactionMostDamagedMember	int __thiscall ExecuteCommand(int nCommand, int nParameters)	NWScript routine 183 GetFactionMostDamagedMember
0x005388d0	CSWVirtualMachineCommands::ExecuteCommandGetFactionMostFrequentClass	int __thiscall ExecuteCommand(int nCommand, int nParameters)	NWScript routine 191 GetFactionMostFrequentClass
0x00538970	CSWVirtualMachineCommands::ExecuteCommandGetFactionStrongestMember	int __thiscall ExecuteCommand(int nCommand, int nParameters)	NWScript routine 182 GetFactionStrongestMember
0x00538a40	CSWVirtualMachineCommands::ExecuteCommandGetFactionWeakestMember	int __thiscall ExecuteCommand(int nCommand, int nParameters)	NWScript routine 181 GetFactionWeakestMember
0x00538b10	CSWVirtualMachineCommands::ExecuteCommandGetFactionWorstAC	int __thiscall ExecuteCommand(int nCommand, int nParameters)	NWScript routine 192 GetFactionWorstAC
0x00538be0	CSWVirtualMachineCommands::ExecuteCommandGetFortitudeSavingThrow	int __thiscall ExecuteCommand(int nCommand, int nParameters)	NWScript routine 491 GetFortitudeSavingThrow
0x00538ca0	CSWVirtualMachineCommands::ExecuteCommandGetGameDifficulty	int __thiscall ExecuteCommand(int nCommand, int nParameters)	NWScript routine 513 GetGameDifficulty
0x00538cd0	CSWVirtualMachineCommands::ExecuteCommandGetGlobalLocation	int __thiscall ExecuteCommand(int nCommand, int nParameters)	NWScript routine 692 GetGlobalLocation
0x00538dc0	CSWVirtualMachineCommands::ExecuteCommandGetGlobalBoolean	int __thiscall ExecuteCommand(int nCommand, int nParameters)	NWScript routines (shared handler, switches on nCommand): 578 GetGlobalBoolean, 580 GetGlobalNumber
0x00538ed0	CSWVirtualMachineCommands::ExecuteCommandGetGlobalString	int __thiscall ExecuteCommand(int nCommand, int nParameters)	NWScript routine 194 GetGlobalString
0x00538fc0	CSWVirtualMachineCommands::ExecuteCommandGetGoingToBeAttackedBy	int __thiscall ExecuteCommand(int nCommand, int nParameters)	NWScript routine 211 GetGoingToBeAttackedBy
0x00539030	CSWVirtualMachineCommands::ExecuteCommandGetGold	int __thiscall ExecuteCommand(int nCommand, int nParameters)	NWScript routine 418 GetGold
0x005390e0	CSWVirtualMachineCommands::ExecuteCommandGetGoldPieceValue	int __thiscall ExecuteCommand(int nCommand, int nParameters)	NWScript routine 311 GetGoldPieceValue
0x00539170	CSWVirtualMachineCommands::ExecuteCommandGetHasFeat	int __thiscall ExecuteCommand(int nCommand, int nParameters)	NWScript routine 285 GetHasFeat
0x00539230	CSWVirtualMachineCommands::ExecuteCommandGetHasFeatEffect	int __thiscall ExecuteCommand(int nCommand, int nParameters)	NWScript routine 543 GetHasFeatEffect
0x005392d0	CSWVirtualMachineCommands::ExecuteCommandGetHasInventory	int __thiscall ExecuteCommand(int nCommand, int nParameters)	NWScript routine 570 GetHasInventory
0x00539380	CSWVirtualMachineCommands::ExecuteCommandGetHasSkill	int __thiscall ExecuteCommand(int nCommand, int nParameters)	NWScript routine 286 GetHasSkill
0x00539440	CSWVirtualMachineCommands::ExecuteCommandGetHasSpell	int __thiscall ExecuteCommand(int nCommand, int nParameters)	NWScript routine 377 GetHasSpell
0x005394d0	CSWVirtualMachineCommands::ExecuteCommandGetHasSpellEffect	int __thiscall ExecuteCommand(int nCommand, int nParameters)	NWScript routine 304 GetHasSpellEffect
0x00539570	CSWVirtualMachineCommands::ExecuteCommandGetHitDice	int __thiscall ExecuteCommand(int nCommand, int nParameters)	NWScript routine 166 GetHitDice
0x00539610	CSWVirtualMachineCommands::ExecuteCommandGetCurrentHitPoints	int __thiscall ExecuteCommand(int nCommand, int nParameters)	NWScript routines (shared handler, switches on nCommand): 49 GetCurrentHitPoints, 50 GetMaxHitPoints
0x005396f0	CSWVirtualMachineCommands::ExecuteCommandGetCurrentForcePoints	int __thiscall ExecuteCommand(int nCommand, int nParameters)	NWScript routine 55 GetCurrentForcePoints
0x00539760	CSWVirtualMachineCommands::ExecuteCommandGetMaxForcePoints	int __thiscall ExecuteCommand(int nCommand, int nParameters)	NWScript routine 56 GetMaxForcePoints
0x005397c0	CSWVirtualMachineCommands::ExecuteCommandGetIdentified	int __thiscall ExecuteCommand(int nCommand, int nParameters)	NWScript routine 332 GetIdentified
0x00539820	CSWVirtualMachineCommands::ExecuteCommandGetInventoryDisturbItem	int __thiscall ExecuteCommand(int nCommand, int nParameters)	NWScript routine 353 GetInventoryDisturbItem
0x00539870	CSWVirtualMachineCommands::ExecuteCommandGetInventoryDisturbType	int __thiscall ExecuteCommand(int nCommand, int nParameters)	NWScript routine 352 GetInventoryDisturbType
0x005398c0	CSWVirtualMachineCommands::ExecuteCommandGetIsDawn	int __thiscall ExecuteCommand(int nCommand, int nParameters)	NWScript routine 407 GetIsDawn
0x00539900	CSWVirtualMachineCommands::ExecuteCommandGetIsDay	int __thiscall ExecuteCommand(int nCommand, int nParameters)	NWScript routine 405 GetIsDay
0x00539940	CSWVirtualMachineCommands::ExecuteCommandGetIsDoorActionPossible	int __thiscall ExecuteCommand(int nCommand, int nParameters)	NWScript routines (shared handler, switches on nCommand): 337 GetIsDoorActionPossible, 546 GetIsPlaceableObjectActionPossible
0x00539bd0	CSWVirtualMachineCommands::ExecuteCommandGetIsDusk	int __thiscall ExecuteCommand(int nCommand, int nParameters)	NWScript routine 408 GetIsDusk
0x00539c10	CSWVirtualMachineCommands::ExecuteCommandGetIsEncounterCreature	int __thiscall ExecuteCommand(int nCommand, int nParameters)	NWScript routine 409 GetIsEncounterCreature
0x00539c80	CSWVirtualMachineCommands::ExecuteCommandGetIsImmune	int __thiscall ExecuteCommand(int nCommand, int nParameters)	NWScript routine 274 GetIsImmune
0x00539d80	CSWVirtualMachineCommands::ExecuteCommandGetIsInCombat	int __thiscall ExecuteCommand(int nCommand, int nParameters)	NWScript routine 320 GetIsInCombat
0x00539de0	CSWVirtualMachineCommands::ExecuteCommandGetIsNight	int __thiscall ExecuteCommand(int nCommand, int nParameters)	NWScript routine 406 GetIsNight
0x00539e20	CSWVirtualMachineCommands::ExecuteCommandGetIsOpen	int __thiscall ExecuteCommand(int nCommand, int nParameters)	NWScript routine 443 GetIsOpen
0x00539ed0	CSWVirtualMachineCommands::ExecuteCommandGetIsPlayableRacialType	int __thiscall ExecuteCommand(int nCommand, int nParameters)	NWScript routine 312 GetIsPlayableRacialType
0x00539f90	CSWVirtualMachineCommands::ExecuteCommandGetIsTalentValid	int __thiscall ExecuteCommand(int nCommand, int nParameters)	NWScript routine 359 GetIsTalentValid
0x0053a000	CSWVirtualMachineCommands::ExecuteCommandGetIsTrapped	int __thiscall ExecuteCommand(int nCommand, int nParameters)	NWScript routine 551 GetIsTrapped
0x0053a0a0	CSWVirtualMachineCommands::ExecuteCommandGetIsWeaponEffective	int __thiscall ExecuteCommand(int nCommand, int nParameters)	NWScript routine 422 GetIsWeaponEffective
0x0053a130	CSWVirtualMachineCommands::ExecuteCommandGetItemACValue	int __thiscall ExecuteCommand(int nCommand, int nParameters)	NWScript routine 401 GetItemACValue
0x0053a1d0	CSWVirtualMachineCommands::ExecuteCommandGetItemHasItemProperty	int __thiscall ExecuteCommand(int nCommand, int nParameters)	NWScript routine 398 GetItemHasItemProperty
0x0053a2c0	CSWVirtualMachineCommands::ExecuteCommandGetItemInSlot	int __thiscall ExecuteCommand(int nCommand, int nParameters)	NWScript routine 155 GetItemInSlot
0x0053a390	CSWVirtualMachineCommands::ExecuteCommandGetItemPossessedBy	int __thiscall ExecuteCommand(int nCommand, int nParameters)	NWScript routine 30 GetItemPossessedBy
0x0053a5c0	CSWVirtualMachineCommands::ExecuteCommandGetItemPossessor	int __thiscall ExecuteCommand(int nCommand, int nParameters)	NWScript routine 29 GetItemPossessor
0x0053a680	CSWVirtualMachineCommands::ExecuteCommandGetJournalQuestExperience	int __thiscall ExecuteCommand(int nCommand, int nParameters)	NWScript routine 384 GetJournalQuestExperience
0x0053a880	CSWVirtualMachineCommands::ExecuteCommandGetLastAttacker	int __thiscall ExecuteCommand(int nCommand, int nParameters)	NWScript routine 36 GetLastAttacker
0x0053a900	CSWVirtualMachineCommands::ExecuteCommandGetLastHostileTarget	int __thiscall ExecuteCommand(int nCommand, int nParameters)	NWScript routine 721 GetLastHostileTarget
0x0053a970	CSWVirtualMachineCommands::ExecuteCommandGetLastAttackAction	int __thiscall ExecuteCommand(int nCommand, int nParameters)	NWScript routine 722 GetLastAttackAction
0x0053a9e0	CSWVirtualMachineCommands::ExecuteCommandGetLastAttackMode	int __thiscall ExecuteCommand(int nCommand, int nParameters)	NWScript routine 318 GetLastAttackMode
0x0053aad0	CSWVirtualMachineCommands::ExecuteCommandGetLastAttackResult	int __thiscall ExecuteCommand(int nCommand, int nParameters)	NWScript routine 725 GetLastAttackResult
0x0053ab40	CSWVirtualMachineCommands::ExecuteCommandGetWasForcePowerSuccessful	int __thiscall ExecuteCommand(int nCommand, int nParameters)	NWScript routine 726 GetWasForcePowerSuccessful
0x0053abb0	CSWVirtualMachineCommands::ExecuteCommandGetLastAttackType	int __thiscall ExecuteCommand(int nCommand, int nParameters)	NWScript routine 317 GetLastAttackType
0x0053ac60	CSWVirtualMachineCommands::ExecuteCommandGetLastClosedBy	int __thiscall ExecuteCommand(int nCommand, int nParameters)	NWScript routine 260 GetLastClosedBy
0x0053acd0	CSWVirtualMachineCommands::ExecuteCommandGetLastCombatFeatUsed	int __thiscall ExecuteCommand(int nCommand, int nParameters)	NWScript routine 724 GetLastCombatFeatUsed
0x0053ad40	CSWVirtualMachineCommands::ExecuteCommandGetLastDamager	int __thiscall ExecuteCommand(int nCommand, int nParameters)	NWScript routine 346 GetLastDamager
0x0053adb0	CSWVirtualMachineCommands::ExecuteCommandGetLastDisarmed	int __thiscall ExecuteCommand(int nCommand, int nParameters)	NWScript routine 347 GetLastDisarmed
0x0053ae50	CSWVirtualMachineCommands::ExecuteCommandGetLastDisturbed	int __thiscall ExecuteCommand(int nCommand, int nParameters)	NWScript routine 348 GetLastDisturbed
0x0053aed0	CSWVirtualMachineCommands::ExecuteCommandGetLastForcePowerUsed	int __thiscall ExecuteCommand(int nCommand, int nParameters)	NWScript routine 723 GetLastForcePowerUsed
0x0053af40	CSWVirtualMachineCommands::ExecuteCommandGetLastHostileActor	int __thiscall ExecuteCommand(int nCommand, int nParameters)	NWScript routine 556 GetLastHostileActor
0x0053b080	CSWVirtualMachineCommands::ExecuteCommandGetLastKiller	int __thiscall ExecuteCommand(int nCommand, int nParameters)	NWScript routine 437 GetLastKiller
0x0053b0e0	CSWVirtualMachineCommands::ExecuteCommandGetLastLocked	int __thiscall ExecuteCommand(int nCommand, int nParameters)	NWScript routine 349 GetLastLocked
0x0053b170	CSWVirtualMachineCommands::ExecuteCommandGetLastOpenedBy	int __thiscall ExecuteCommand(int nCommand, int nParameters)	NWScript routine 376 GetLastOpenedBy
0x0053b1e0	CSWVirtualMachineCommands::ExecuteCommandGetLastPazaakResult	int __thiscall ExecuteCommand(int nCommand, int nParameters)	NWScript routine 365 GetLastPazaakResult
0x0053b230	CSWVirtualMachineCommands::ExecuteCommandGetLastPerceived	int __thiscall ExecuteCommand(int nCommand, int nParameters)	NWScript routine 256 GetLastPerceived
0x0053b2a0	CSWVirtualMachineCommands::ExecuteCommandGetLastPerceptionHeard	int __thiscall ExecuteCommand(int nCommand, int nParameters)	NWScript routines (shared handler, switches on nCommand): 257 GetLastPerceptionHeard, 258 GetLastPerceptionInaudible, 259 GetLastPerceptionSeen, 261 GetLastPerceptionVanished
0x0053b410	CSWVirtualMachineCommands::ExecuteCommandGetLastSpeaker	int __thiscall ExecuteCommand(int nCommand, int nParameters)	NWScript routine 254 GetLastSpeaker
0x0053b480	CSWVirtualMachineCommands::ExecuteCommandGetLastTrapDetected	int __thiscall ExecuteCommand(int nCommand, int nParameters)	NWScript routine 486 GetLastTrapDetected
0x0053b4e0	CSWVirtualMachineCommands::ExecuteCommandGetLastUnlocked	int __thiscall ExecuteCommand(int nCommand, int nParameters)	NWScript routine 350 GetLastUnlocked
0x0053b570	CSWVirtualMachineCommands::ExecuteCommandGetLastUsedBy	int __thiscall ExecuteCommand(int nCommand, int nParameters)	NWScript routine 330 GetLastUsedBy
0x0053b5e0	CSWVirtualMachineCommands::ExecuteCommandGetLastWeaponUsed	int __thiscall ExecuteCommand(int nCommand, int nParameters)	NWScript routine 328 GetLastWeaponUsed
0x0053b640	CSWVirtualMachineCommands::ExecuteCommandGetExitingObject	int __thiscall ExecuteCommand(int nCommand, int nParameters)	NWScript routine 26 GetExitingObject
0x0053b730	CSWVirtualMachineCommands::ExecuteCommandGetLoadFromSaveGame	int __thiscall ExecuteCommand(int nCommand, int nParameters)	NWScript routine 251 GetLoadFromSaveGame
0x0053b760	CSWVirtualMachineCommands::ExecuteCommandGetLocalBoolean	int __thiscall ExecuteCommand(int nCommand, int nParameters)	NWScript routines (shared handler, switches on nCommand): 679 GetLocalBoolean, 681 GetLocalNumber
0x0053b840	CSWVirtualMachineCommands::ExecuteCommandGetLocation	int __thiscall ExecuteCommand(int nCommand, int nParameters)	NWScript routine 213 GetLocation
0x0053b960	CSWVirtualMachineCommands::ExecuteCommandGetLocked	int __thiscall ExecuteCommand(int nCommand, int nParameters)	NWScript routine 325 GetLocked
0x0053ba10	CSWVirtualMachineCommands::ExecuteCommandGetLockKeyRequired	int __thiscall ExecuteCommand(int nCommand, int nParameters)	NWScript routines (shared handler, switches on nCommand): 537 GetLockKeyRequired, 538 GetLockKeyTag, 539 GetLockLockable, 540 GetLockUnlockDC, 541 GetLockLockDC
0x0053bcc0	CSWVirtualMachineCommands::ExecuteCommandGetMatchedSubstringsCount	int __thiscall ExecuteCommand(int nCommand, int nParameters)	NWScript routine 179 GetMatchedSubstringsCount
0x0053bd20	CSWVirtualMachineCommands::ExecuteCommandGetListenPatternNumber	int __thiscall ExecuteCommand(int nCommand, int nParameters)	NWScript routine 195 GetListenPatternNumber
0x0053bd80	CSWVirtualMachineCommands::ExecuteCommandGetMetaMagicFeat	int __thiscall ExecuteCommand(int nCommand, int nParameters)	NWScript routine 105 GetMetaMagicFeat
0x0053bdf0	CSWVirtualMachineCommands::ExecuteCommandGetModule	int __thiscall ExecuteCommand(int nCommand, int nParameters)	NWScript routine 242 GetModule
0x0053be30	CSWVirtualMachineCommands::ExecuteCommandGetModuleItemAcquired	int __thiscall ExecuteCommand(int nCommand, int nParameters)	NWScript routines (shared handler, switches on nCommand): 282 GetModuleItemAcquired, 283 GetModuleItemAcquiredFrom, 292 GetModuleItemLost, 293 GetModuleItemLostBy
0x0053bec0	CSWVirtualMachineCommands::ExecuteCommandGetModuleFileName	int __thiscall ExecuteCommand(int nCommand, int nParameters)	NWScript routines (shared handler, switches on nCommand): 210 GetModuleFileName, 561 GetModuleName
0x0053c010	CSWVirtualMachineCommands::ExecuteCommandGetMovementRate	int __thiscall ExecuteCommand(int nCommand, int nParameters)	NWScript routine 496 GetMovementRate
0x0053c080	CSWVirtualMachineCommands::ExecuteCommandGetName	int __thiscall ExecuteCommand(int nCommand, int nParameters)	NWScript routine 253 GetName
0x0053c1b0	CSWVirtualMachineCommands::ExecuteCommandMusicBackgroundGetNightTrack	int __thiscall ExecuteCommand(int nCommand, int nParameters)	NWScript routine 559 MusicBackgroundGetNightTrack
0x0053c220	CSWVirtualMachineCommands::ExecuteCommandGetNumStackedItems	int __thiscall ExecuteCommand(int nCommand, int nParameters)	NWScript routine 475 GetNumStackedItems
0x0053c280	CSWVirtualMachineCommands::ExecuteCommandGetObjectByTag	int __thiscall ExecuteCommand(int nCommand, int nParameters)	NWScript routine 200 GetObjectByTag
0x0053c390	CSWVirtualMachineCommands::ExecuteCommandGetFirstObjectInArea	int __thiscall ExecuteCommand(int nCommand, int nParameters)	NWScript routines (shared handler, switches on nCommand): 93 GetFirstObjectInArea, 94 GetNextObjectInArea
0x0053c610	CSWVirtualMachineCommands::ExecuteCommandGetObjectType	int __thiscall ExecuteCommand(int nCommand, int nParameters)	NWScript routine 106 GetObjectType
0x0053c720	CSWVirtualMachineCommands::ExecuteCommandGetIsObjectValid	int __thiscall ExecuteCommand(int nCommand, int nParameters)	NWScript routine 42 GetIsObjectValid
0x0053c780	CSWVirtualMachineCommands::ExecuteCommandGetObjectSeen	int __thiscall ExecuteCommand(int nCommand, int nParameters)	NWScript routines (shared handler, switches on nCommand): 289 GetObjectSeen, 290 GetObjectHeard
0x0053c870	CSWVirtualMachineCommands::ExecuteCommandGetPartyMemberByIndex	int __thiscall ExecuteCommand(int nCommand, int nParameters)	NWScript routine 577 GetPartyMemberByIndex
0x0053c8f0	CSWVirtualMachineCommands::ExecuteCommandGetPartyMemberCount	int __thiscall ExecuteCommand(int nCommand, int nParameters)	NWScript routine 126 GetPartyMemberCount
0x0053c920	CSWVirtualMachineCommands::ExecuteCommandGetFirstPC	int __thiscall ExecuteCommand(int nCommand, int nParameters)	NWScript routines (shared handler, switches on nCommand): 548 GetFirstPC, 549 GetNextPC
0x0053c980	CSWVirtualMachineCommands::ExecuteCommandGetPCLevellingUp	int __thiscall ExecuteCommand(int nCommand, int nParameters)	NWScript routine 542 GetPCLevellingUp
0x0053c9c0	CSWVirtualMachineCommands::ExecuteCommandGetPCSpeaker	int __thiscall ExecuteCommand(int nCommand, int nParameters)	NWScript routine 238 GetPCSpeaker
0x0053ca00	CSWVirtualMachineCommands::ExecuteCommandGetPlaceableIllumination	int __thiscall ExecuteCommand(int nCommand, int nParameters)	NWScript routine 545 GetPlaceableIllumination
0x0053ca60	CSWVirtualMachineCommands::ExecuteCommandGetPlotFlag	int __thiscall ExecuteCommand(int nCommand, int nParameters)	NWScript routine 455 GetPlotFlag
0x0053cae0	CSWVirtualMachineCommands::ExecuteCommandGetPosition	int __thiscall ExecuteCommand(int nCommand, int nParameters)	NWScript routine 27 GetPosition
0x0053cba0	CSWVirtualMachineCommands::ExecuteCommandGetRacialType	int __thiscall ExecuteCommand(int nCommand, int nParameters)	NWScript routine 107 GetRacialType
0x0053cc30	CSWVirtualMachineCommands::ExecuteCommandGetReflexAdjustedDamage	int __thiscall ExecuteCommand(int nCommand, int nParameters)	NWScript routine 299 GetReflexAdjustedDamage
0x0053ce10	CSWVirtualMachineCommands::ExecuteCommandGetReflexSavingThrow	int __thiscall ExecuteCommand(int nCommand, int nParameters)	NWScript routine 493 GetReflexSavingThrow
0x0053ced0	CSWVirtualMachineCommands::ExecuteCommandGetReputation	int __thiscall ExecuteCommand(int nCommand, int nParameters)	NWScript routine 208 GetReputation
0x0053cf70	CSWVirtualMachineCommands::ExecuteCommandGetPlayerRestrictMode	int __thiscall ExecuteCommand(int nCommand, int nParameters)	NWScript routine 83 GetPlayerRestrictMode
0x0053d020	CSWVirtualMachineCommands::ExecuteCommandGetRunScriptVar	int __thiscall ExecuteCommand(int nCommand, int nParameters)	NWScript routine 565 GetRunScriptVar
0x0053d050	CSWVirtualMachineCommands::ExecuteCommandGetSkillRank	int __thiscall ExecuteCommand(int nCommand, int nParameters)	NWScript routine 315 GetSkillRank
0x0053d110	CSWVirtualMachineCommands::ExecuteCommandGetLastSpellCaster	int __thiscall ExecuteCommand(int nCommand, int nParameters)	NWScript routines (shared handler, switches on nCommand): 245 GetLastSpellCaster, 246 GetLastSpell, 423 GetLastSpellHarmful
0x0053d250	CSWVirtualMachineCommands::ExecuteCommandGetSpellCastItem	int __thiscall ExecuteCommand(int nCommand, int nParameters)	NWScript routine 438 GetSpellCastItem
0x0053d2b0	CSWVirtualMachineCommands::ExecuteCommandGetSpellId	int __thiscall ExecuteCommand(int nCommand, int nParameters)	NWScript routine 248 GetSpellId
0x0053d320	CSWVirtualMachineCommands::ExecuteCommandGetSpellSaveDC	int __thiscall ExecuteCommand(int nCommand, int nParameters)	NWScript routine 111 GetSpellSaveDC
0x0053d400	CSWVirtualMachineCommands::ExecuteCommandGetSpellTargetLocation	int __thiscall ExecuteCommand(int nCommand, int nParameters)	NWScript routine 222 GetSpellTargetLocation
0x0053d510	CSWVirtualMachineCommands::ExecuteCommandGetSpellTargetObject	int __thiscall ExecuteCommand(int nCommand, int nParameters)	NWScript routine 47 GetSpellTargetObject
0x0053d5a0	CSWVirtualMachineCommands::ExecuteCommandGetGender	int __thiscall ExecuteCommand(int nCommand, int nParameters)	NWScript routine 358 GetGender
0x0053d610	CSWVirtualMachineCommands::ExecuteCommandGetStringByStrRef	int __thiscall ExecuteCommand(int nCommand, int nParameters)	NWScript routine 239 GetStringByStrRef
0x0053d720	CSWVirtualMachineCommands::ExecuteCommandGetStringLeft	int __thiscall ExecuteCommand(int nCommand, int nParameters)	NWScript routine 63 GetStringLeft
0x0053d860	CSWVirtualMachineCommands::ExecuteCommandGetStringLength	int __thiscall ExecuteCommand(int nCommand, int nParameters)	NWScript routine 59 GetStringLength
0x0053d920	CSWVirtualMachineCommands::ExecuteCommandGetStringLowerCase	int __thiscall ExecuteCommand(int nCommand, int nParameters)	NWScript routine 61 GetStringLowerCase
0x0053da40	CSWVirtualMachineCommands::ExecuteCommandGetStringRight	int __thiscall ExecuteCommand(int nCommand, int nParameters)	NWScript routine 62 GetStringRight
0x0053db80	CSWVirtualMachineCommands::ExecuteCommandGetStringUpperCase	int __thiscall ExecuteCommand(int nCommand, int nParameters)	NWScript routine 60 GetStringUpperCase
0x0053dca0	CSWVirtualMachineCommands::ExecuteCommandGetStrRefSoundDuration	int __thiscall ExecuteCommand(int nCommand, int nParameters)	NWScript routine 571 GetStrRefSoundDuration
0x0053dda0	CSWVirtualMachineCommands::ExecuteCommandGetSubString	int __thiscall ExecuteCommand(int nCommand, int nParameters)	NWScript routine 65 GetSubString
0x0053df00	CSWVirtualMachineCommands::ExecuteCommandGetTag	int __thiscall ExecuteCommand(int nCommand, int nParameters)	NWScript routine 168 GetTag
0x0053e020	CSWVirtualMachineCommands::ExecuteCommandGetTimeHour	int __thiscall ExecuteCommand(int nCommand, int nParameters)	NWScript routine 16 GetTimeHour
0x0053e060	CSWVirtualMachineCommands::ExecuteCommandGetTimeMillisecond	int __thiscall ExecuteCommand(int nCommand, int nParameters)	NWScript routine 19 GetTimeMillisecond
0x0053e0a0	CSWVirtualMachineCommands::ExecuteCommandGetTimeMinute	int __thiscall ExecuteCommand(int nCommand, int nParameters)	NWScript routine 17 GetTimeMinute
0x0053e0e0	CSWVirtualMachineCommands::ExecuteCommandGetTimeSecond	int __thiscall ExecuteCommand(int nCommand, int nParameters)	NWScript routine 18 GetTimeSecond
0x0053e120	CSWVirtualMachineCommands::ExecuteCommandGetTotalDamageDealt	int __thiscall ExecuteCommand(int nCommand, int nParameters)	NWScript routine 345 GetTotalDamageDealt
0x0053e1b0	CSWVirtualMachineCommands::ExecuteCommandGetUserActionsPending	int __thiscall ExecuteCommand(int nCommand, int nParameters)	NWScript routine 514 GetUserActionsPending
0x0053e220	CSWVirtualMachineCommands::ExecuteCommandGetUserDefinedEventNumber	int __thiscall ExecuteCommand(int nCommand, int nParameters)	NWScript routine 247 GetUserDefinedEventNumber
0x0053e2b0	CSWVirtualMachineCommands::ExecuteCommandGetWaypointByTag	int __thiscall ExecuteCommand(int nCommand, int nParameters)	NWScript routine 197 GetWaypointByTag
0x0053e3c0	CSWVirtualMachineCommands::ExecuteCommandGetTransitionTarget	int __thiscall ExecuteCommand(int nCommand, int nParameters)	NWScript routine 198 GetTransitionTarget
0x0053e4c0	CSWVirtualMachineCommands::ExecuteCommandGetWeaponRanged	int __thiscall ExecuteCommand(int nCommand, int nParameters)	NWScript routine 511 GetWeaponRanged
0x0053e540	CSWVirtualMachineCommands::ExecuteCommandGetWillSavingThrow	int __thiscall ExecuteCommand(int nCommand, int nParameters)	NWScript routine 492 GetWillSavingThrow
0x0053e600	CSWVirtualMachineCommands::ExecuteCommandGetXP	int __thiscall ExecuteCommand(int nCommand, int nParameters)	NWScript routine 395 GetXP
0x0053e690	CSWVirtualMachineCommands::ExecuteCommandGiveGoldToCreature	int __thiscall ExecuteCommand(int nCommand, int nParameters)	NWScript routine 322 GiveGoldToCreature
0x0053e750	CSWVirtualMachineCommands::ExecuteCommandGiveXPToCreature	int __thiscall ExecuteCommand(int nCommand, int nParameters)	NWScript routine 393 GiveXPToCreature
0x0053e830	CSWVirtualMachineCommands::ExecuteCommandGiveItem	int __thiscall ExecuteCommand(int nCommand, int nParameters)	NWScript routine 271 GiveItem
0x0053e960	CSWVirtualMachineCommands::ExecuteCommandInsertString	int __thiscall ExecuteCommand(int nCommand, int nParameters)	NWScript routine 64 InsertString
0x0053eaa0	CSWVirtualMachineCommands::ExecuteCommandIntToFloat	int __thiscall ExecuteCommand(int nCommand, int nParameters)	NWScript routine 230 IntToFloat
0x0053eaf0	CSWVirtualMachineCommands::ExecuteCommandIntToHexString	int __thiscall ExecuteCommand(int nCommand, int nParameters)	NWScript routine 396 IntToHexString
0x0053ebc0	CSWVirtualMachineCommands::ExecuteCommandIntToString	int __thiscall ExecuteCommand(int nCommand, int nParameters)	NWScript routine 92 IntToString
0x0053ecb0	CSWVirtualMachineCommands::ExecuteCommandGetIsDead	int __thiscall ExecuteCommand(int nCommand, int nParameters)	NWScript routine 140 GetIsDead
0x0053ed70	CSWVirtualMachineCommands::ExecuteCommandIsAvailableCreature	int __thiscall ExecuteCommand(int nCommand, int nParameters)	NWScript routines (shared handler, switches on nCommand): 696 IsAvailableCreature, 709 GetNPCSelectability
0x0053ee00	CSWVirtualMachineCommands::ExecuteCommandGetIsEffectValid	int __thiscall ExecuteCommand(int nCommand, int nParameters)	NWScript routine 88 GetIsEffectValid
0x0053eec0	CSWVirtualMachineCommands::ExecuteCommandGetIsInConversation	int __thiscall ExecuteCommand(int nCommand, int nParameters)	NWScript routine 445 GetIsInConversation
0x0053ef70	CSWVirtualMachineCommands::ExecuteCommandGetIsConversationActive	int __thiscall ExecuteCommand(int nCommand, int nParameters)	NWScript routine 701 GetIsConversationActive
0x0053efa0	CSWVirtualMachineCommands::ExecuteCommandGetCreatureMovmentType	int __thiscall ExecuteCommand(int nCommand, int nParameters)	NWScript routine 566 GetCreatureMovmentType
0x0053f010	CSWVirtualMachineCommands::ExecuteCommandGetLastConversation	int __thiscall ExecuteCommand(int nCommand, int nParameters)	NWScript routine 711 GetLastConversation
0x0053f080	CSWVirtualMachineCommands::ExecuteCommandGetIsListening	int __thiscall ExecuteCommand(int nCommand, int nParameters)	NWScript routine 174 GetIsListening
0x0053f100	CSWVirtualMachineCommands::ExecuteCommandIsNPCPartyMember	int __thiscall ExecuteCommand(int nCommand, int nParameters)	NWScript routine 699 IsNPCPartyMember
0x0053f160	CSWVirtualMachineCommands::ExecuteCommandIsObjectPartyMember	int __thiscall ExecuteCommand(int nCommand, int nParameters)	NWScript routine 576 IsObjectPartyMember
0x0053f1c0	CSWVirtualMachineCommands::ExecuteCommandGetIsPC	int __thiscall ExecuteCommand(int nCommand, int nParameters)	NWScript routine 217 GetIsPC
0x0053f220	CSWVirtualMachineCommands::ExecuteCommandGetItemActivated	int __thiscall ExecuteCommand(int nCommand, int nParameters)	NWScript routines (shared handler, switches on nCommand): 439 GetItemActivated, 440 GetItemActivator, 441 GetItemActivatedTargetLocation, 442 GetItemActivatedTarget
0x0053f3b0	CSWVirtualMachineCommands::ExecuteCommandLocation	int __thiscall ExecuteCommand(int nCommand, int nParameters)	NWScript routine 215 Location
0x0053f500	CSWVirtualMachineCommands::ExecuteCommandGetPositionFromLocation	int __thiscall ExecuteCommand(int nCommand, int nParameters)	NWScript routines (shared handler, switches on nCommand): 223 GetPositionFromLocation, 225 GetFacingFromLocation
0x0053f5c0	CSWVirtualMachineCommands::ExecuteCommandfabs	int __thiscall ExecuteCommand(int nCommand, int nParameters)	NWScript routines (shared handler, switches on nCommand): 67 fabs, 68 cos, 69 sin, 70 tan, 71 acos, 72 asin, 73 atan, 74 log, 75 pow, 76 sqrt, 77 abs
0x0053f800	CSWVirtualMachineCommands::ExecuteCommandGetLastItemEquipped	int __thiscall ExecuteCommand(int nCommand, int nParameters)	NWScript routines (shared handler, switches on nCommand): 52 GetLastItemEquipped, 291 GetLastPlayerDied, 410 GetLastPlayerDying, 411 GetStartingLocation, 419 GetLastRespawnButtonPresser
0x0053f990	CSWVirtualMachineCommands::ExecuteCommandActionMoveAwayFromObject	int __thiscall ExecuteCommand(int nCommand, int nParameters)	NWScript routine 23 ActionMoveAwayFromObject
0x0053fb00	CSWVirtualMachineCommands::ExecuteCommandActionMoveToObject	int __thiscall ExecuteCommand(int nCommand, int nParameters)	NWScript routines (shared handler, switches on nCommand): 22 ActionMoveToObject, 383 ActionForceMoveToObject
0x0053fe00	CSWVirtualMachineCommands::ExecuteCommandActionMoveToLocation	int __thiscall ExecuteCommand(int nCommand, int nParameters)	NWScript routines (shared handler, switches on nCommand): 21 ActionMoveToLocation, 382 ActionForceMoveToLocation
0x0053ffb0	CSWVirtualMachineCommands::ExecuteCommandMusicBackgroundPlay	int __thiscall ExecuteCommand(int nCommand, int nParameters)	NWScript routines (shared handler, switches on nCommand): 425 MusicBackgroundPlay, 426 MusicBackgroundStop, 427 MusicBackgroundSetDelay, 428 MusicBackgroundChangeDay, 429 MusicBackgroundChangeNight
0x005400c0	CSWVirtualMachineCommands::ExecuteCommandMusicBattlePlay	int __thiscall ExecuteCommand(int nCommand, int nParameters)	NWScript routines (shared handler, switches on nCommand): 430 MusicBattlePlay, 431 MusicBattleStop, 432 MusicBattleChange
0x00540170	CSWVirtualMachineCommands::ExecuteCommandObjectToString	int __thiscall ExecuteCommand(int nCommand, int nParameters)	NWScript routine 272 ObjectToString
0x00540260	CSWVirtualMachineCommands::ExecuteCommandActionOpenDoor	int __thiscall ExecuteCommand(int nCommand, int nParameters)	NWScript routine 43 ActionOpenDoor
0x00540300	CSWVirtualMachineCommands::ExecuteCommandOpenStore	int __thiscall ExecuteCommand(int nCommand, int nParameters)	NWScript routine 378 OpenStore
0x005404f0	CSWVirtualMachineCommands::ExecuteCommandActionPickUpItem	int __thiscall ExecuteCommand(int nCommand, int nParameters)	NWScript routine 34 ActionPickUpItem
0x00540550	CSWVirtualMachineCommands::ExecuteCommandActionPlayAnimation	int __thiscall ExecuteCommand(int nCommand, int nParameters)	NWScript routines (shared handler, switches on nCommand): 40 ActionPlayAnimation, 300 PlayAnimation
0x00540dd0	CSWVirtualMachineCommands::ExecuteCommandPlayRoomAnimation	int __thiscall ExecuteCommand(int nCommand, int nParameters)	NWScript routine 738 PlayRoomAnimation
0x00540ed0	CSWVirtualMachineCommands::ExecuteCommandPlayMovie	int __thiscall ExecuteCommand(int nCommand, int nParameters)	NWScript routine 733 PlayMovie
0x00540fd0	CSWVirtualMachineCommands::ExecuteCommandPlayPazaak	int __thiscall ExecuteCommand(int nCommand, int nParameters)	NWScript routine 364 PlayPazaak
0x00541120	CSWVirtualMachineCommands::ExecuteCommandPlayRumblePattern	int __thiscall ExecuteCommand(int nCommand, int nParameters)	NWScript routine 370 PlayRumblePattern
0x00541170	CSWVirtualMachineCommands::ExecuteCommandPlaySound	int __thiscall ExecuteCommand(int nCommand, int nParameters)	NWScript routine 46 PlaySound
0x00541280	CSWVirtualMachineCommands::ExecuteCommandPlayVisualAreaEffect	int __thiscall ExecuteCommand(int nCommand, int nParameters)	NWScript routine 677 PlayVisualAreaEffect
0x00541320	CSWVirtualMachineCommands::ExecuteCommandPopUpGUIPanel	int __thiscall ExecuteCommand(int nCommand, int nParameters)	NWScript routines (shared handler, switches on nCommand): 388 PopUpGUIPanel, 554 PopUpDeathGUIPanel
0x005414d0	CSWVirtualMachineCommands::ExecuteCommandPrintFloat	int __thiscall ExecuteCommand(int nCommand, int nParameters)	NWScript routine 2 PrintFloat
0x00541640	CSWVirtualMachineCommands::ExecuteCommandPrintInteger	int __thiscall ExecuteCommand(int nCommand, int nParameters)	NWScript routine 4 PrintInteger
0x00541690	CSWVirtualMachineCommands::ExecuteCommandWriteTimestampedLogEntry	int __thiscall ExecuteCommand(int nCommand, int nParameters)	NWScript routine 560 WriteTimestampedLogEntry
0x00541770	CSWVirtualMachineCommands::ExecuteCommandPrintObject	int __thiscall ExecuteCommand(int nCommand, int nParameters)	NWScript routine 5 PrintObject
0x005417c0	CSWVirtualMachineCommands::ExecuteCommandPrintString	int __thiscall ExecuteCommand(int nCommand, int nParameters)	NWScript routine 1 PrintString
0x00541910	CSWVirtualMachineCommands::ExecuteCommandPrintVector	int __thiscall ExecuteCommand(int nCommand, int nParameters)	NWScript routine 141 PrintVector
0x00541970	CSWVirtualMachineCommands::ExecuteCommandActionPutDownItem	int __thiscall ExecuteCommand(int nCommand, int nParameters)	NWScript routine 35 ActionPutDownItem
0x005419d0	CSWVirtualMachineCommands::ExecuteCommandRandom	int __thiscall ExecuteCommand(int nCommand, int nParameters)	NWScript routine 0 Random
0x00541a30	CSWVirtualMachineCommands::ExecuteCommandRandomName	int __thiscall ExecuteCommand(int nCommand, int nParameters)	NWScript routine 249 RandomName
0x00541b40	CSWVirtualMachineCommands::ExecuteCommandRemoveAvailableNPC	int __thiscall ExecuteCommand(int nCommand, int nParameters)	NWScript routine 695 RemoveAvailableNPC
0x00541ba0	CSWVirtualMachineCommands::ExecuteCommandRemoveFromParty	int __thiscall ExecuteCommand(int nCommand, int nParameters)	NWScript routine 573 RemoveFromParty
0x00541c00	CSWVirtualMachineCommands::ExecuteCommandRemovePartyMember	int __thiscall ExecuteCommand(int nCommand, int nParameters)	NWScript routine 575 RemovePartyMember
0x00541cc0	CSWVirtualMachineCommands::ExecuteCommandResistForce	int __thiscall ExecuteCommand(int nCommand, int nParameters)	NWScript routine 169 ResistForce
0x005420b0	CSWVirtualMachineCommands::ExecuteCommandd2	int __thiscall ExecuteCommand(int nCommand, int nParameters)	NWScript routines (shared handler, switches on nCommand): 95 d2, 96 d3, 97 d4, 98 d6, 99 d8, 100 d10, 101 d12, 102 d20, 103 d100
0x005421a0	CSWVirtualMachineCommands::ExecuteCommandSaveNPCState	int __thiscall ExecuteCommand(int nCommand, int nParameters)	NWScript routine 734 SaveNPCState
0x005421e0	CSWVirtualMachineCommands::ExecuteCommandFortitudeSave	int __thiscall ExecuteCommand(int nCommand, int nParameters)	NWScript routines (shared handler, switches on nCommand): 108 FortitudeSave, 109 ReflexSave, 110 WillSave
0x00542300	CSWVirtualMachineCommands::ExecuteCommandSendMessageToPC	int __thiscall ExecuteCommand(int nCommand, int nParameters)	NWScript routine 374 SendMessageToPC
0x00542410	CSWVirtualMachineCommands::ExecuteCommandSetAreaTransitionBMP	int __thiscall ExecuteCommand(int nCommand, int nParameters)	NWScript routine 203 SetAreaTransitionBMP
0x005424e0	CSWVirtualMachineCommands::ExecuteCommandSetAreaUnescapable	int __thiscall ExecuteCommand(int nCommand, int nParameters)	NWScript routine 14 SetAreaUnescapable
0x00542530	CSWVirtualMachineCommands::ExecuteCommandSetCameraFacing	int __thiscall ExecuteCommand(int nCommand, int nParameters)	NWScript routine 45 SetCameraFacing
0x00542640	CSWVirtualMachineCommands::ExecuteCommandSetCameraMode	int __thiscall ExecuteCommand(int nCommand, int nParameters)	NWScript routine 504 SetCameraMode
0x005426c0	CSWVirtualMachineCommands::ExecuteCommandSetCommandable	int __thiscall ExecuteCommand(int nCommand, int nParameters)	NWScript routine 162 SetCommandable
0x00542760	CSWVirtualMachineCommands::ExecuteCommandSetEncounterActive	int __thiscall ExecuteCommand(int nCommand, int nParameters)	NWScript routines (shared handler, switches on nCommand): 277 SetEncounterActive, 279 SetEncounterSpawnsMax, 281 SetEncounterSpawnsCurrent, 296 SetEncounterDifficulty
0x00542830	CSWVirtualMachineCommands::ExecuteCommandSetFacing	int __thiscall ExecuteCommand(int nCommand, int nParameters)	NWScript routines (shared handler, switches on nCommand): 10 SetFacing, 143 SetFacingPoint
0x00542a50	CSWVirtualMachineCommands::ExecuteCommandSetGlobalLocation	int __thiscall ExecuteCommand(int nCommand, int nParameters)	NWScript routine 693 SetGlobalLocation
0x00542b60	CSWVirtualMachineCommands::ExecuteCommandSetGlobalBoolean	int __thiscall ExecuteCommand(int nCommand, int nParameters)	NWScript routines (shared handler, switches on nCommand): 579 SetGlobalBoolean, 581 SetGlobalNumber
0x00542c60	CSWVirtualMachineCommands::ExecuteCommandSetGlobalString	int __thiscall ExecuteCommand(int nCommand, int nParameters)	NWScript routine 160 SetGlobalString
0x00542d50	CSWVirtualMachineCommands::ExecuteCommandSetIdentified	int __thiscall ExecuteCommand(int nCommand, int nParameters)	NWScript routine 333 SetIdentified
0x00542dc0	CSWVirtualMachineCommands::ExecuteCommandSetIsDestroyable	int __thiscall ExecuteCommand(int nCommand, int nParameters)	NWScript routine 323 SetIsDestroyable
0x00542f10	CSWVirtualMachineCommands::ExecuteCommandSetLightsaberPowered	int __thiscall ExecuteCommand(int nCommand, int nParameters)	NWScript routine 421 SetLightsaberPowered
0x00542fb0	CSWVirtualMachineCommands::ExecuteCommandSetListening	int __thiscall ExecuteCommand(int nCommand, int nParameters)	NWScript routine 175 SetListening
0x00543030	CSWVirtualMachineCommands::ExecuteCommandSetListenPattern	int __thiscall ExecuteCommand(int nCommand, int nParameters)	NWScript routine 176 SetListenPattern
0x00543130	CSWVirtualMachineCommands::ExecuteCommandSetLocalBoolean	int __thiscall ExecuteCommand(int nCommand, int nParameters)	NWScript routines (shared handler, switches on nCommand): 680 SetLocalBoolean, 682 SetLocalNumber
0x00543240	CSWVirtualMachineCommands::ExecuteCommandSetLocked	int __thiscall ExecuteCommand(int nCommand, int nParameters)	NWScript routine 324 SetLocked
0x00543300	CSWVirtualMachineCommands::ExecuteCommandSetNPCSelectability	int __thiscall ExecuteCommand(int nCommand, int nParameters)	NWScript routine 708 SetNPCSelectability
0x00543360	CSWVirtualMachineCommands::ExecuteCommandSetPlaceableIllumination	int __thiscall ExecuteCommand(int nCommand, int nParameters)	NWScript routine 544 SetPlaceableIllumination
0x005433d0	CSWVirtualMachineCommands::ExecuteCommandSetPlotFlag	int __thiscall ExecuteCommand(int nCommand, int nParameters)	NWScript routine 456 SetPlotFlag
0x00543450	CSWVirtualMachineCommands::ExecuteCommandSetPlayerRestrictMode	int __thiscall ExecuteCommand(int nCommand, int nParameters)	NWScript routine 58 SetPlayerRestrictMode
0x005434c0	CSWVirtualMachineCommands::ExecuteCommandSetReturnStrref	int __thiscall ExecuteCommand(int nCommand, int nParameters)	NWScript routine 152 SetReturnStrref
0x00543550	CSWVirtualMachineCommands::ExecuteCommandSWMG_SetSpeedBlurEffect	int __thiscall ExecuteCommand(int nCommand, int nParameters)	NWScript routine 563 SWMG_SetSpeedBlurEffect
0x005435c0	CSWVirtualMachineCommands::ExecuteCommandMagicalEffect	int __thiscall ExecuteCommand(int nCommand, int nParameters)	NWScript routines (shared handler, switches on nCommand): 112 MagicalEffect, 113 SupernaturalEffect, 114 ExtraordinaryEffect
0x00543670	CSWVirtualMachineCommands::ExecuteCommandSetTime	int __thiscall ExecuteCommand(int nCommand, int nParameters)	NWScript routine 12 SetTime
0x00543740	CSWVirtualMachineCommands::ExecuteCommandSetForcePowerUnsuccessful	int __thiscall ExecuteCommand(int nCommand, int nParameters)	NWScript routine 731 SetForcePowerUnsuccessful
0x005437b0	CSWVirtualMachineCommands::ExecuteCommandSetXP	int __thiscall ExecuteCommand(int nCommand, int nParameters)	NWScript routine 394 SetXP
0x00543840	CSWVirtualMachineCommands::ExecuteCommandShipBuild	int __thiscall ExecuteCommand(int nCommand, int nParameters)	NWScript routine 761 ShipBuild
0x00543870	CSWVirtualMachineCommands::ExecuteCommandShowLevelUpGUI	int __thiscall ExecuteCommand(int nCommand, int nParameters)	NWScript routine 265 ShowLevelUpGUI
0x005438b0	CSWVirtualMachineCommands::ExecuteCommandShowPartySelectionGUI	int __thiscall ExecuteCommand(int nCommand, int nParameters)	NWScript routine 712 ShowPartySelectionGUI
0x00543990	CSWVirtualMachineCommands::ExecuteCommandShowUpgradeScreen	int __thiscall ExecuteCommand(int nCommand, int nParameters)	NWScript routine 354 ShowUpgradeScreen
0x005439d0	CSWVirtualMachineCommands::ExecuteCommandSignalEvent	int __thiscall ExecuteCommand(int nCommand, int nParameters)	NWScript routine 131 SignalEvent
0x00543aa0	CSWVirtualMachineCommands::ExecuteCommandSoundObjectGetFixedVariance	int __thiscall ExecuteCommand(int nCommand, int nParameters)	NWScript routine 188 SoundObjectGetFixedVariance
0x00543b10	CSWVirtualMachineCommands::ExecuteCommandSoundObjectGetPitchVariance	int __thiscall ExecuteCommand(int nCommand, int nParameters)	NWScript routine 689 SoundObjectGetPitchVariance
0x00543b80	CSWVirtualMachineCommands::ExecuteCommandSoundObjectGetVolume	int __thiscall ExecuteCommand(int nCommand, int nParameters)	NWScript routine 691 SoundObjectGetVolume
0x00543be0	CSWVirtualMachineCommands::ExecuteCommandSoundObjectPlay	int __thiscall ExecuteCommand(int nCommand, int nParameters)	NWScript routine 413 SoundObjectPlay
0x00543c30	CSWVirtualMachineCommands::ExecuteCommandSoundObjectSetFixedVariance	int __thiscall ExecuteCommand(int nCommand, int nParameters)	NWScript routine 124 SoundObjectSetFixedVariance
0x00543ca0	CSWVirtualMachineCommands::ExecuteCommandSoundObjectSetPitchVariance	int __thiscall ExecuteCommand(int nCommand, int nParameters)	NWScript routine 690 SoundObjectSetPitchVariance
0x00543d10	CSWVirtualMachineCommands::ExecuteCommandSoundObjectSetPosition	int __thiscall ExecuteCommand(int nCommand, int nParameters)	NWScript routine 416 SoundObjectSetPosition
0x00543da0	CSWVirtualMachineCommands::ExecuteCommandSoundObjectSetVolume	int __thiscall ExecuteCommand(int nCommand, int nParameters)	NWScript routine 415 SoundObjectSetVolume
0x00543e10	CSWVirtualMachineCommands::ExecuteCommandSoundObjectStop	int __thiscall ExecuteCommand(int nCommand, int nParameters)	NWScript routine 414 SoundObjectStop
0x00543e60	CSWVirtualMachineCommands::ExecuteCommandSoundObjectFadeAndStop	int __thiscall ExecuteCommand(int nCommand, int nParameters)	NWScript routine 745 SoundObjectFadeAndStop
0x00543ed0	CSWVirtualMachineCommands::ExecuteCommandSpawnAvailableNPC	int __thiscall ExecuteCommand(int nCommand, int nParameters)	NWScript routine 698 SpawnAvailableNPC
0x00543f70	CSWVirtualMachineCommands::ExecuteCommandSpeakOneLinerConversation	int __thiscall ExecuteCommand(int nCommand, int nParameters)	NWScript routine 417 SpeakOneLinerConversation
0x00544090	CSWVirtualMachineCommands::ExecuteCommandActionSpeakString	int __thiscall ExecuteCommand(int nCommand, int nParameters)	NWScript routines (shared handler, switches on nCommand): 39 ActionSpeakString, 221 SpeakString
0x00544270	CSWVirtualMachineCommands::ExecuteCommandActionSpeakStringByStrRef	int __thiscall ExecuteCommand(int nCommand, int nParameters)	NWScript routine 240 ActionSpeakStringByStrRef
0x00544390	CSWVirtualMachineCommands::ExecuteCommandStartNewModule	int __thiscall ExecuteCommand(int nCommand, int nParameters)	NWScript routine 509 StartNewModule
0x005446c0	CSWVirtualMachineCommands::ExecuteCommandStopRumblePattern	int __thiscall ExecuteCommand(int nCommand, int nParameters)	NWScript routine 371 StopRumblePattern
0x00544710	CSWVirtualMachineCommands::ExecuteCommandStringToInt	int __thiscall ExecuteCommand(int nCommand, int nParameters)	NWScript routines (shared handler, switches on nCommand): 232 StringToInt, 233 StringToFloat
0x00544830	CSWVirtualMachineCommands::ExecuteCommandActionSurrenderToEnemies	int __thiscall ExecuteCommand(int nCommand, int nParameters)	NWScript routines (shared handler, switches on nCommand): 379 ActionSurrenderToEnemies, 476 SurrenderToEnemies, 762 SurrenderRetainBuffs
0x00544910	CSWVirtualMachineCommands::ExecuteCommandSwitchPlayerCharacter	int __thiscall ExecuteCommand(int nCommand, int nParameters)	NWScript routine 11 SwitchPlayerCharacter
0x00544970	CSWVirtualMachineCommands::ExecuteCommandTakeGoldFromCreature	int __thiscall ExecuteCommand(int nCommand, int nParameters)	NWScript routine 444 TakeGoldFromCreature
0x00544c70	CSWVirtualMachineCommands::ExecuteCommandTalentSpell	int __thiscall ExecuteCommand(int nCommand, int nParameters)	NWScript routines (shared handler, switches on nCommand): 301 TalentSpell, 302 TalentFeat, 303 TalentSkill
0x00544d70	CSWVirtualMachineCommands::ExecuteCommandGetTypeFromTalent	int __thiscall ExecuteCommand(int nCommand, int nParameters)	NWScript routines (shared handler, switches on nCommand): 362 GetTypeFromTalent, 363 GetIdFromTalent, 735 GetCategoryFromTalent
0x00544e50	CSWVirtualMachineCommands::ExecuteCommandRoundsToSeconds	int __thiscall ExecuteCommand(int nCommand, int nParameters)	NWScript routines (shared handler, switches on nCommand): 121 RoundsToSeconds, 122 HoursToSeconds, 123 TurnsToSeconds
0x00544ef0	CSWVirtualMachineCommands::ExecuteCommandTestStringAgainstPattern	int __thiscall ExecuteCommand(int nCommand, int nParameters)	NWScript routine 177 TestStringAgainstPattern
0x00545050	CSWVirtualMachineCommands::ExecuteCommandActionUnequipItem	int __thiscall ExecuteCommand(int nCommand, int nParameters)	NWScript routine 33 ActionUnequipItem
0x00545120	CSWVirtualMachineCommands::ExecuteCommandVector	int __thiscall ExecuteCommand(int nCommand, int nParameters)	NWScript routine 142 Vector
0x005451c0	CSWVirtualMachineCommands::ExecuteCommandAngleToVector	int __thiscall ExecuteCommand(int nCommand, int nParameters)	NWScript routines (shared handler, switches on nCommand): 144 AngleToVector, 145 VectorToAngle
0x00545320	CSWVirtualMachineCommands::ExecuteCommandVectorMagnitude	int __thiscall ExecuteCommand(int nCommand, int nParameters)	NWScript routine 104 VectorMagnitude
0x00545390	CSWVirtualMachineCommands::ExecuteCommandVectorNormalize	int __thiscall ExecuteCommand(int nCommand, int nParameters)	NWScript routine 137 VectorNormalize
0x00545470	CSWVirtualMachineCommands::ExecuteCommandVersusAlignmentEffect	int __thiscall ExecuteCommand(int nCommand, int nParameters)	NWScript routines (shared handler, switches on nCommand): 355 VersusAlignmentEffect, 356 VersusRacialTypeEffect, 357 VersusTrapEffect
0x00545800	CSWVirtualMachineCommands::ExecuteCommandActionWait	int __thiscall ExecuteCommand(int nCommand, int nParameters)	NWScript routine 202 ActionWait
0x005458d0	CSWVirtualMachineCommands::ExecuteCommandGetIsLinkImmune	int __thiscall ExecuteCommand(int nCommand, int nParameters)	NWScript routine 390 GetIsLinkImmune
0x005459a0	CSWVirtualMachineCommands::ExecuteCommandGetPartyAIStyle	int __thiscall ExecuteCommand(int nCommand, int nParameters)	NWScript routine 704 GetPartyAIStyle
0x005459d0	CSWVirtualMachineCommands::ExecuteCommandGetNPCAIStyle	int __thiscall ExecuteCommand(int nCommand, int nParameters)	NWScript routine 705 GetNPCAIStyle
0x00545a70	CSWVirtualMachineCommands::ExecuteCommandSetPartyLeader	int __thiscall ExecuteCommand(int nCommand, int nParameters)	NWScript routine 13 SetPartyLeader
0x00545c50	CSWVirtualMachineCommands::ExecuteCommandSetPartyAIStyle	int __thiscall ExecuteCommand(int nCommand, int nParameters)	NWScript routine 706 SetPartyAIStyle
0x00545ca0	CSWVirtualMachineCommands::ExecuteCommandSetNPCAIStyle	int __thiscall ExecuteCommand(int nCommand, int nParameters)	NWScript routine 707 SetNPCAIStyle
0x00545d40	CSWVirtualMachineCommands::ExecuteCommandClearAllEffects	int __thiscall ExecuteCommand(int nCommand, int nParameters)	NWScript routine 710 ClearAllEffects
0x00545d80	CSWVirtualMachineCommands::ExecuteCommandGetStandardFaction	int __thiscall ExecuteCommand(int nCommand, int nParameters)	NWScript routine 713 GetStandardFaction
0x00545e20	CSWVirtualMachineCommands::ExecuteCommandGivePlotXP	int __thiscall ExecuteCommand(int nCommand, int nParameters)	NWScript routine 714 GivePlotXP
0x00545f10	CSWVirtualMachineCommands::ExecuteCommandGetMinOneHP	int __thiscall ExecuteCommand(int nCommand, int nParameters)	NWScript routine 715 GetMinOneHP
0x00545f90	CSWVirtualMachineCommands::ExecuteCommandSetMinOneHP	int __thiscall ExecuteCommand(int nCommand, int nParameters)	NWScript routine 716 SetMinOneHP
0x00546010	CSWVirtualMachineCommands::ExecuteCommandSetGlobalFadeIn	int __thiscall ExecuteCommand(int nCommand, int nParameters)	NWScript routine 719 SetGlobalFadeIn
0x005460d0	CSWVirtualMachineCommands::ExecuteCommandSetGlobalFadeOut	int __thiscall ExecuteCommand(int nCommand, int nParameters)	NWScript routine 720 SetGlobalFadeOut
0x00546190	CSWVirtualMachineCommands::ExecuteCommandGetFirstAttacker	int __thiscall ExecuteCommand(int nCommand, int nParameters)	NWScript routines (shared handler, switches on nCommand): 727 GetFirstAttacker, 728 GetNextAttacker
0x00546230	CSWVirtualMachineCommands::ExecuteCommandSetFormation	int __thiscall ExecuteCommand(int nCommand, int nParameters)	NWScript routine 729 SetFormation
0x005462d0	CSWVirtualMachineCommands::ExecuteCommandGetIsDebilitated	int __thiscall ExecuteCommand(int nCommand, int nParameters)	NWScript routine 732 GetIsDebilitated
0x00546340	CSWVirtualMachineCommands::ExecuteCommandSurrenderByFaction	int __thiscall ExecuteCommand(int nCommand, int nParameters)	NWScript routines (shared handler, switches on nCommand): 736 SurrenderByFaction, 737 ChangeFactionByFaction
0x005464d0	CSWVirtualMachineCommands::ExecuteCommandGetSubScreenID	int __thiscall ExecuteCommand(int nCommand, int nParameters)	NWScript routine 53 GetSubScreenID
0x00546510	CSWVirtualMachineCommands::ExecuteCommandCancelCombat	int __thiscall ExecuteCommand(int nCommand, int nParameters)	NWScript routine 54 CancelCombat
0x00546590	CSWVirtualMachineCommands::ExecuteCommandPauseGame	int __thiscall ExecuteCommand(int nCommand, int nParameters)	NWScript routine 57 PauseGame
0x005465d0	CSWVirtualMachineCommands::ExecuteCommandGetItemStackSize	int __thiscall ExecuteCommand(int nCommand, int nParameters)	NWScript routine 138 GetItemStackSize
0x00546630	CSWVirtualMachineCommands::ExecuteCommandSetItemStackSize	int __thiscall ExecuteCommand(int nCommand, int nParameters)	NWScript routine 150 SetItemStackSize
0x005467b0	CSWVirtualMachineCommands::ExecuteCommandShowGalaxyMap	int __thiscall ExecuteCommand(int nCommand, int nParameters)	NWScript routine 739 ShowGalaxyMap
0x005467f0	CSWVirtualMachineCommands::ExecuteCommandSetPlanetAvailable	int __thiscall ExecuteCommand(int nCommand, int nParameters)	NWScript routine 742 SetPlanetAvailable
0x00546850	CSWVirtualMachineCommands::ExecuteCommandGetPlanetAvailable	int __thiscall ExecuteCommand(int nCommand, int nParameters)	NWScript routine 743 GetPlanetAvailable
0x005468b0	CSWVirtualMachineCommands::ExecuteCommandSetPlanetSelectable	int __thiscall ExecuteCommand(int nCommand, int nParameters)	NWScript routine 740 SetPlanetSelectable
0x00546910	CSWVirtualMachineCommands::ExecuteCommandGetPlanetSelectable	int __thiscall ExecuteCommand(int nCommand, int nParameters)	NWScript routine 741 GetPlanetSelectable
0x00546970	CSWVirtualMachineCommands::ExecuteCommandGetSelectedPlanet	int __thiscall ExecuteCommand(int nCommand, int nParameters)	NWScript routine 744 GetSelectedPlanet
0x005469a0	CSWVirtualMachineCommands::ExecuteCommandSetItemNonEquippable	int __thiscall ExecuteCommand(int nCommand, int nParameters)	NWScript routine 266 SetItemNonEquippable
0x00546a10	CSWVirtualMachineCommands::ExecuteCommandGetButtonMashCheck	int __thiscall ExecuteCommand(int nCommand, int nParameters)	NWScript routine 267 GetButtonMashCheck
0x00546a40	CSWVirtualMachineCommands::ExecuteCommandSetButtonMashCheck	int __thiscall ExecuteCommand(int nCommand, int nParameters)	NWScript routine 268 SetButtonMashCheck
0x00546a80	CSWVirtualMachineCommands::ExecuteCommandSetDialogPlaceableCamera	int __thiscall ExecuteCommand(int nCommand, int nParameters)	NWScript routine 461 SetDialogPlaceableCamera
0x00546af0	CSWVirtualMachineCommands::ExecuteCommandGetSoloMode	int __thiscall ExecuteCommand(int nCommand, int nParameters)	NWScript routine 462 GetSoloMode
0x00546b20	CSWVirtualMachineCommands::ExecuteCommandGetMaxStealthXP	int __thiscall ExecuteCommand(int nCommand, int nParameters)	NWScript routine 464 GetMaxStealthXP
0x00546b70	CSWVirtualMachineCommands::ExecuteCommandSetMaxStealthXP	int __thiscall ExecuteCommand(int nCommand, int nParameters)	NWScript routine 468 SetMaxStealthXP
0x00546bd0	CSWVirtualMachineCommands::ExecuteCommandGetCurrentStealthXP	int __thiscall ExecuteCommand(int nCommand, int nParameters)	NWScript routine 474 GetCurrentStealthXP
0x00546c20	CSWVirtualMachineCommands::ExecuteCommandSetCurrentStealthXP	int __thiscall ExecuteCommand(int nCommand, int nParameters)	NWScript routine 478 SetCurrentStealthXP
0x00546c80	CSWVirtualMachineCommands::ExecuteCommandAwardStealthXP	int __thiscall ExecuteCommand(int nCommand, int nParameters)	NWScript routine 480 AwardStealthXP
0x00546ce0	CSWVirtualMachineCommands::ExecuteCommandGetStealthXPEnabled	int __thiscall ExecuteCommand(int nCommand, int nParameters)	NWScript routine 481 GetStealthXPEnabled
0x00546d30	CSWVirtualMachineCommands::ExecuteCommandSetStealthXPEnabled	int __thiscall ExecuteCommand(int nCommand, int nParameters)	NWScript routine 482 SetStealthXPEnabled
0x00546d90	CSWVirtualMachineCommands::ExecuteCommandGetSubRace	int __thiscall ExecuteCommand(int nCommand, int nParameters)	NWScript routine 497 GetSubRace
0x00546e00	CSWVirtualMachineCommands::ExecuteCommandGetBlockingCreature	int __thiscall ExecuteCommand(int nCommand, int nParameters)	NWScript routine 490 GetBlockingCreature
0x00546e70	CSWVirtualMachineCommands::ExecuteCommandGetFoundEnemyCreature	int __thiscall ExecuteCommand(int nCommand, int nParameters)	NWScript routine 495 GetFoundEnemyCreature
0x00546ee0	CSWVirtualMachineCommands::ExecuteCommandGetStealthXPDecrement	int __thiscall ExecuteCommand(int nCommand, int nParameters)	NWScript routine 498 GetStealthXPDecrement
0x00546f30	CSWVirtualMachineCommands::ExecuteCommandSetStealthXPDecrement	int __thiscall ExecuteCommand(int nCommand, int nParameters)	NWScript routine 499 SetStealthXPDecrement
0x00546f90	CSWVirtualMachineCommands::ExecuteCommandDuplicateHeadAppearance	int __thiscall ExecuteCommand(int nCommand, int nParameters)	NWScript routine 500 DuplicateHeadAppearance
0x005470e0	CSWVirtualMachineCommands::ExecuteCommandSetLockOrientationInDialog	int __thiscall ExecuteCommand(int nCommand, int nParameters)	NWScript routine 505 SetLockOrientationInDialog
0x00547160	CSWVirtualMachineCommands::ExecuteCommandSetLockHeadFollowInDialog	int __thiscall ExecuteCommand(int nCommand, int nParameters)	NWScript routine 506 SetLockHeadFollowInDialog
0x005471e0	CSWVirtualMachineCommands::ExecuteCommandEnableVideoEffect	int __thiscall ExecuteCommand(int nCommand, int nParameters)	NWScript routine 508 EnableVideoEffect
0x00547220	CSWVirtualMachineCommands::ExecuteCommandDisableVideoEffect	int __thiscall ExecuteCommand(int nCommand, int nParameters)	NWScript routine 510 DisableVideoEffect
0x00547240	CSWVirtualMachineCommands::ExecuteCommandRevealMap	int __thiscall ExecuteCommand(int nCommand, int nParameters)	NWScript routine 515 RevealMap
0x005472f0	CSWVirtualMachineCommands::ExecuteCommandSetTutorialWindowsEnabled	int __thiscall ExecuteCommand(int nCommand, int nParameters)	NWScript routine 516 SetTutorialWindowsEnabled
0x00547340	CSWVirtualMachineCommands::ExecuteCommandShowTutorialWindow	int __thiscall ExecuteCommand(int nCommand, int nParameters)	NWScript routine 517 ShowTutorialWindow
0x005473b0	CSWVirtualMachineCommands::ExecuteCommandIsCreditSequenceInProgress	int __thiscall ExecuteCommand(int nCommand, int nParameters)	NWScript routine 519 IsCreditSequenceInProgress
0x005473e0	CSWVirtualMachineCommands::ExecuteCommandStartCreditSequence	int __thiscall ExecuteCommand(int nCommand, int nParameters)	NWScript routine 518 StartCreditSequence
0x005474f0	CSWVirtualMachineCommands::ExecuteCommandGetDifficultyModifier	int __thiscall ExecuteCommand(int nCommand, int nParameters)	NWScript routine 523 GetDifficultyModifier
0x005475a0	CSWVirtualMachineCommands::ExecuteCommandSetEffectIcon	int __thiscall ExecuteCommand(int nCommand, int nParameters)	NWScript routine 552 SetEffectIcon
0x00547760	CSWVirtualMachineCommands::ExecuteCommandFaceObjectAwayFromObject	int __thiscall ExecuteCommand(int nCommand, int nParameters)	NWScript routine 553 FaceObjectAwayFromObject
0x005478b0	CSWVirtualMachineCommands::ExecuteCommandSetAreaFogColor	int __thiscall ExecuteCommand(int nCommand, int nParameters)	NWScript routine 746 SetAreaFogColor
0x00547970	CSWVirtualMachineCommands::ExecuteCommandChangeItemCost	int __thiscall ExecuteCommand(int nCommand, int nParameters)	NWScript routine 747 ChangeItemCost
0x00547ab0	CSWVirtualMachineCommands::ExecuteCommandGetIsLiveContentAvailable	int __thiscall ExecuteCommand(int nCommand, int nParameters)	NWScript routine 748 GetIsLiveContentAvailable
0x00547bc0	CSWVirtualMachineCommands::ExecuteCommandResetDialogState	int __thiscall ExecuteCommand(int nCommand, int nParameters)	NWScript routine 749 ResetDialogState
0x00547be0	CSWVirtualMachineCommands::ExecuteCommandSetGoodEvilValue	int __thiscall ExecuteCommand(int nCommand, int nParameters)	NWScript routine 750 SetGoodEvilValue
0x00547c50	CSWVirtualMachineCommands::ExecuteCommandGetIsPoisoned	int __thiscall ExecuteCommand(int nCommand, int nParameters)	NWScript routine 751 GetIsPoisoned
0x00547ce0	CSWVirtualMachineCommands::ExecuteCommandSetSoloMode	int __thiscall ExecuteCommand(int nCommand, int nParameters)	NWScript routine 753 SetSoloMode
0x00547d20	CSWVirtualMachineCommands::ExecuteCommandCancelPostDialogCharacterSwitch	int __thiscall ExecuteCommand(int nCommand, int nParameters)	NWScript routine 757 CancelPostDialogCharacterSwitch
0x00547d40	CSWVirtualMachineCommands::ExecuteCommandSetMaxHitPoints	int __thiscall ExecuteCommand(int nCommand, int nParameters)	NWScript routine 758 SetMaxHitPoints
0x00547dc0	CSWVirtualMachineCommands::ExecuteCommandNoClicksFor	int __thiscall ExecuteCommand(int nCommand, int nParameters)	NWScript routine 759 NoClicksFor
0x00547e30	CSWVirtualMachineCommands::ExecuteCommandHoldWorldFadeInForDialog	int __thiscall ExecuteCommand(int nCommand, int nParameters)	NWScript routine 760 HoldWorldFadeInForDialog
0x00547e50	CSWVirtualMachineCommands::ExecuteCommandSuppressStatusSummaryEntry	int __thiscall ExecuteCommand(int nCommand, int nParameters)	NWScript routine 763 SuppressStatusSummaryEntry
0x00547e90	CSWVirtualMachineCommands::ExecuteCommandGetCheatCode	int __thiscall ExecuteCommand(int nCommand, int nParameters)	NWScript routine 764 GetCheatCode
0x00547ef0	CSWVirtualMachineCommands::ExecuteCommandSetMusicVolume	int __thiscall ExecuteCommand(int nCommand, int nParameters)	NWScript routine 765 SetMusicVolume
0x00547f60	CSWVirtualMachineCommands::ExecuteCommandCreateItemOnFloor	int __thiscall ExecuteCommand(int nCommand, int nParameters)	NWScript routine 766 CreateItemOnFloor
0x00548180	CSWVirtualMachineCommands::ExecuteCommandSetAvailableNPCId	int __thiscall ExecuteCommand(int nCommand, int nParameters)	NWScript routine 767 SetAvailableNPCId
0x005481e0	CSWVirtualMachineCommands::ExecuteCommandIsMoviePlaying	int __thiscall ExecuteCommand(int nCommand, int nParameters)	NWScript routine 768 IsMoviePlaying
0x00548210	CSWVirtualMachineCommands::ExecuteCommandQueueMovie	int __thiscall ExecuteCommand(int nCommand, int nParameters)	NWScript routine 769 QueueMovie
0x005482d0	CSWVirtualMachineCommands::ExecuteCommandPlayMovieQueue	int __thiscall ExecuteCommand(int nCommand, int nParameters)	NWScript routine 770 PlayMovieQueue
0x00548310	CSWVirtualMachineCommands::ExecuteCommandYavinHackCloseDoor	int __thiscall ExecuteCommand(int nCommand, int nParameters)	NWScript routine 771 YavinHackCloseDoor
0x00548360	CSWVirtualMachineCommands::DestroyGameDefinedStructure	void __thiscall DestroyGameDefinedStructure(int nType, void * pStructure)	slot 6 (high)
0x005483f0	CSWVirtualMachineCommands::ExecuteCommandAddJournalQuestEntry	int __thiscall ExecuteCommand(int nCommand, int nParameters)	NWScript routine 367 AddJournalQuestEntry
0x00548640	CSWVirtualMachineCommands::ExecuteCommandAddJournalWorldEntry	int __thiscall ExecuteCommand(int nCommand, int nParameters)	NWScript routine 669 AddJournalWorldEntry
0x005487f0	CSWVirtualMachineCommands::ExecuteCommandAddJournalWorldEntryStrref	int __thiscall ExecuteCommand(int nCommand, int nParameters)	NWScript routine 670 AddJournalWorldEntryStrref
0x00548900	CSWVirtualMachineCommands::ExecuteCommandBarkString	int __thiscall ExecuteCommand(int nCommand, int nParameters)	NWScript routine 671 BarkString
0x00548a80	CSWVirtualMachineCommands::ExecuteCommandDeleteJournalWorldAllEntries	int __thiscall ExecuteCommand(int nCommand, int nParameters)	NWScript routine 672 DeleteJournalWorldAllEntries
0x00548b20	CSWVirtualMachineCommands::ExecuteCommandDeleteJournalWorldEntry	int __thiscall ExecuteCommand(int nCommand, int nParameters)	NWScript routine 673 DeleteJournalWorldEntry
0x00548be0	CSWVirtualMachineCommands::ExecuteCommandDeleteJournalWorldEntryStrref	int __thiscall ExecuteCommand(int nCommand, int nParameters)	NWScript routine 674 DeleteJournalWorldEntryStrref
0x00548ca0	CSWVirtualMachineCommands::ExecuteCommandTouchAttackMelee	int __thiscall ExecuteCommand(int nCommand, int nParameters)	NWScript routines (shared handler, switches on nCommand): 146 TouchAttackMelee, 147 TouchAttackRanged
0x00549040	CSWVirtualMachineCommands::ExecuteCommandGetCurrentAction	int __thiscall ExecuteCommand(int nCommand, int nParameters)	NWScript routine 522 GetCurrentAction
0x00549180	CSWVirtualMachineCommands::ExecuteCommandGetFirstEffect	int __thiscall ExecuteCommand(int nCommand, int nParameters)	NWScript routines (shared handler, switches on nCommand): 85 GetFirstEffect, 86 GetNextEffect
0x00549360	CSWVirtualMachineCommands::ExecuteCommandGetFirstInPersistentObject	int __thiscall ExecuteCommand(int nCommand, int nParameters)	NWScript routines (shared handler, switches on nCommand): 262 GetFirstInPersistentObject, 263 GetNextInPersistentObject
0x00549b50	CSWVirtualMachineCommands::ExecuteCommandGetFirstItemInInventory	int __thiscall ExecuteCommand(int nCommand, int nParameters)	NWScript routines (shared handler, switches on nCommand): 339 GetFirstItemInInventory, 340 GetNextItemInInventory
0x00549f30	CSWVirtualMachineCommands::ExecuteCommandGetJournalEntry	int __thiscall ExecuteCommand(int nCommand, int nParameters)	NWScript routine 369 GetJournalEntry
0x0054a090	CSWVirtualMachineCommands::ExecuteCommandGetNearestTrapToObject	int __thiscall ExecuteCommand(int nCommand, int nParameters)	NWScript routine 488 GetNearestTrapToObject
0x0054a260	CSWVirtualMachineCommands::ExecuteCommandGetFirstObjectInShape	int __thiscall ExecuteCommand(int nCommand, int nParameters)	NWScript routines (shared handler, switches on nCommand): 128 GetFirstObjectInShape, 129 GetNextObjectInShape
0x0054ae40	CSWVirtualMachineCommands::ExecuteCommandRemoveEffect	int __thiscall ExecuteCommand(int nCommand, int nParameters)	NWScript routine 87 RemoveEffect
0x0054af60	CSWVirtualMachineCommands::ExecuteCommandRemoveJournalQuestEntry	int __thiscall ExecuteCommand(int nCommand, int nParameters)	NWScript routine 368 RemoveJournalQuestEntry
0x0054b090	CSWVirtualMachineCommands::ExecuteCommandSetCustomToken	int __thiscall ExecuteCommand(int nCommand, int nParameters)	NWScript routine 284 SetCustomToken
0x0054b1e0	CSWVirtualMachineCommands::ExecuteCommandSetJournalQuestEntryPicture	int __thiscall ExecuteCommand(int nCommand, int nParameters)	NWScript routine 678 SetJournalQuestEntryPicture
0x0054b460	CSWVirtualMachineCommands::ExecuteCommandSetMapPinEnabled	int __thiscall ExecuteCommand(int nCommand, int nParameters)	NWScript routine 386 SetMapPinEnabled
0x0054b550	CSWVirtualMachineCommands::ExecuteCommandGetNearestCreature	int __thiscall ExecuteCommand(int nCommand, int nParameters)	NWScript routines (shared handler, switches on nCommand): 38 GetNearestCreature, 226 GetNearestCreatureToLocation, 227 GetNearestObject, 228 GetNearestObjectToLocation, 229 GetNearestObjectByTag
0x0054c0e0	CSWVirtualMachineCommands::ExecuteCommandGetTrapDisarmable	int __thiscall ExecuteCommand(int nCommand, int nParameters)	NWScript routines (shared handler, switches on nCommand): 527 GetTrapDisarmable, 528 GetTrapDetectable, 529 GetTrapDetectedBy, 530 GetTrapFlagged, 531 GetTrapBaseType, 532 GetTrapOneShot, 533 GetTrapCreator, 534 GetTrapKeyTag, 535 GetTrapDisarmDC, 536 GetTrapDetectDC, 550 SetTrapDetectedBy, 555 SetTrapDisabled
0x0054c830	CSWVirtualMachineCommands::ExecuteCommandGetMatchedSubstring	int __thiscall ExecuteCommand(int nCommand, int nParameters)	NWScript routine 178 GetMatchedSubstring
0x0054c960	CSWVirtualMachineCommands::InitializeCommands		fills the 772-slot engine routine table (this+0xc); see nwscript-routines.md
0x00552c50	CSWRules::CSWRules		loads ranges, classes, races, skills, feats, spells, baseitems, exptable and creates and loads C2DAs (med)
0x00553040	CSWSObject::SetTag	void __thiscall F(void *pTag)	stores a lower-cased copy into the CExoString at +0x18 (med)
0x005530a0	CSWSItem::CSWSItem	void __thiscall F(uint nObjectId)	CSWItem base at 0, CSWSObject at +0x10; joins the AI master at level 0 (high)
0x0055cb60	CSWSItem::AIUpdate		slot 28 (med)
0x0055ccd0	CSWSItem::SaveItem		(high)
0x0055d290	CItemRepository::CItemRepository	void __thiscall F(uint nParentId, int nFlags)	inventory container, creature+0xa30 (med)
0x0055ec70	CSWSItem::~CSWSItem	void __thiscall F()	(high)
0x0055ee10	CSWSItem::EventHandler		slot 30 (med)
0x0055fcb0	CSWSItem::scalar_deleting_destructor	void * __thiscall F(int nFlags)	(high)
0x0055fcd0	CSWSItem::LoadDataFromGff		UTI fields: BaseItem, Tag, names, StackSize, Charges, Upgrades, PropertiesList ... (high)
0x005608b0	CSWSItem::LoadFromTemplate	int __thiscall F(void *pResRef)	opens the UTI (high)
0x00560970	CSWSItem::LoadItem		an inventory entry: from InventoryRes/EquippedRes template or a full struct (med)
0x0057a240	CSWSObject::HasScriptActionId	int __cdecl F(int nActionId)	1 when an internal action id has an ACTION_* script constant (med)
0x0057a2b0	CSWSObject::GetScriptActionId	int __cdecl F(int nActionId, int nUnused)	internal action id -> nwscript ACTION_* (used by GetCurrentAction) (high)
0x0057a470	CSWSObject::AIActionDialogObject	int __thiscall F(void *pActionNode)	action 0x18 = ACTION_DIALOGOBJECT (high)
0x0057b430	CSWSObject::AIActionSpeak	int __thiscall F(void *pActionNode)	action 0xe, queued by ActionSpeakString (med)
0x0057b530	CSWSObject::AIActionDoCommand	int __thiscall F(void *pActionNode)	action 0x25; runs a stored script situation (med)
0x0057b5b0	CSWSObject::AIActionWait		action 0x1e = ACTION_WAIT (med)
0x0057bbf0	CSWSObject::AIActionCloseDoor	int __thiscall F(void *pActionNode)	action 0x15 = ACTION_CLOSEDOOR (high)
0x0057bec0	CSWSObject::AIActionLock	int __thiscall F(void *pActionNode)	action 0x27 = ACTION_LOCK (high)
0x0057c810	CSWSObject::AddUseObjectAction		queues action 0x28 (med)
0x0057cb10	CSWSObject::AddDoCommandAction	int __thiscall AddDoCommandAction(CVirtualMachineScript * pScript)	queues action 0x25 with a script-situation parameter (med)
0x0057ce00	CSWSObject::AIActionBarkString	int __thiscall F(void *pActionNode)	action 0x3e, queued by ActionBarkString (med)
0x0057cf00	CSWSObject::AIActionPlaySound	int __thiscall F(void *pActionNode)	action 0x17, queued by PlaySound (med)
0x0057d080	CSWSObject::AIActionPlayAnimation	int __thiscall F(void *pActionNode)	action 6 (med)
0x0057d490	CSWSObject::AIActionOpenDoor	int __thiscall F(void *pActionNode)	action 0x14 = ACTION_OPENDOOR (high)
0x0057d9d0	CSWSObject::AIActionOpenLock	int __thiscall F(void *pActionNode)	action 0x26 = ACTION_OPENLOCK (high)
0x0057e8c0	CSWSObject::AIActionUseObject	int __thiscall F(void *pActionNode)	action 0x28 = ACTION_USEOBJECT (high)
0x0057f4a0	CSWSObject::RunActions		per-frame action executor called from the AIUpdate slot of creatures, placeables, doors, triggers, encounters and AoEs; pops the queue head and switches on the action id (high)
0x005849d0	CSWSPlaceable::AIUpdate		slot 28 (high)
0x00584db0	CSWSPlaceable::AddCastSpellActions		placeables can queue action 0xf (med)
0x00584ec0	CSWSPlaceable::AIActionCastSpell	int __thiscall F(void *pActionNode)	action 0xf for type 9 (med)
0x005854b0	CSWSPlaceable::~CSWSPlaceable	void __thiscall F()	(high)
0x00585670	CSWSPlaceable::LoadPlaceable		UTP/GIT fields; 16 script slots at +0x294..+0x30c (high)
0x00586a70	CSWSPlaceable::SavePlaceable		(high)
0x005877e0	CSWSPlaceable::CSWSPlaceable	void __thiscall F(uint nObjectId)	(high)
0x00587a50	CSWSPlaceable::scalar_deleting_destructor	void * __thiscall F(int nFlags)	(high)
0x00587a70	CSWSPlaceable::LoadFromTemplate	int __thiscall F(void *pResRef, int nFlags)	opens the UTP; its error text says "Item template" (high)
0x00587ba0	CSWSPlaceable::EventHandler		slot 30 (high)
0x005889c0	CSWSDoor::AIUpdate		slot 28 (high)
0x00588ad0	CSWSDoor::SaveDoor		(high)
0x00589190	CSWSDoor::DoDamage	void __thiscall F(int nDamage)	slot 40, shared with placeables (med)
0x00589ee0	CSWSDoor::CSWSDoor	void __thiscall F(uint nObjectId)	(high)
0x0058a1f0	CSWSDoor::LoadDoor		UTD/GIT fields incl. LinkedTo, TransitionDestination, scripts at +0x228..+0x298 (high)
0x0058b3d0	CSWSDoor::LoadFromTemplate	int __thiscall F(void *pResRef)	opens the UTD (high)
0x0058b550	CSWSDoor::~CSWSDoor	void __thiscall F()	(high)
0x0058b850	CSWSDoor::EventHandler		slot 30 (high)
0x0058c5f0	CSWSDoor::LoadFromGITEntry		GIT "Door List" entry: TemplateResRef -> LoadFromTemplate, then the per-instance overrides (LinkedTo ...) (med)
0x0058c810	CSWSDoor::scalar_deleting_destructor	void * __thiscall F(int nFlags)	(high)
0x0058d760	CSWSTrigger::AIUpdate		slot 28 (high)
0x0058da80	CSWSTrigger::LoadTrigger		UTT/GIT fields incl. Geometry; scripts at +0x244..+0x274 (high)
0x0058e660	CSWSTrigger::SaveTrigger		(high)
0x0058eae0	CSWSTrigger::CSWSTrigger	void __thiscall F(uint nObjectId)	(high)
0x0058ed70	CSWSTrigger::LoadFromTemplate	int __thiscall F(void *pResRef)	opens the UTT (high)
0x0058eef0	CSWSTrigger::~CSWSTrigger	void __thiscall F()	(high)
0x0058f140	CSWSTrigger::EventHandler		slot 30 (high)
0x0058f690	CSWSTrigger::scalar_deleting_destructor	void * __thiscall F(int nFlags)	(high)
0x00590820	CSWSEncounter::ReadEncounterScriptsFromGff		OnEntered/OnExit/OnHeartbeat/OnExhausted/OnUserDefined at +0x2e8..+0x308 (high)
0x00591350	CSWSEncounter::SaveEncounter		(high)
0x00592430	CSWSEncounter::ReadEncounterFromGff		UTE fields: CreatureList, SpawnPointList, Geometry, counters (high)
0x00593380	CSWSEncounter::~CSWSEncounter	void __thiscall F()	(high)
0x00593830	CSWSEncounter::LoadEncounter		GIT entry without templates: fields then scripts (med)
0x00593a90	CSWSEncounter::LoadFromTemplate		opens the UTE ("Encounter template %s doesn't exist") (high)
0x00593c70	CSWSEncounter::CSWSEncounter	void __thiscall F(uint nObjectId)	(high)
0x00593f90	CSWSEncounter::scalar_deleting_destructor	void * __thiscall F(int nFlags)	(high)
0x00593fb0	CSWSEncounter::AIUpdate		slot 28 (high)
0x00594220	CSWSEncounter::EventHandler		slot 30 (high)
0x00594480	CSWSAreaOfEffectObject::CSWSAreaOfEffectObject	void __thiscall F(uint nObjectId)	(high)
0x005947b0	CSWSAreaOfEffectObject::LoadEffect	void __thiscall F(int nEffectId)	shape, size and scripts from vfx_persistent.2da (med)
0x00594b00	CSWSAreaOfEffectObject::LoadAreaEffect		saved AoE state (SpellId, CreatorId, Duration, heartbeat times ...) (high)
0x00594d80	CSWSAreaOfEffectObject::SaveAreaEffect		(high)
0x00595d10	CSWSAreaOfEffectObject::AIUpdate		slot 28 (high)
0x005963d0	CSWSAreaOfEffectObject::~CSWSAreaOfEffectObject	void __thiscall F()	(high)
0x005964e0	CSWSAreaOfEffectObject::EventHandler		slot 30 (high)
0x005965b0	CSWSAreaOfEffectObject::scalar_deleting_destructor	void * __thiscall F(int nFlags)	(high)
0x0059aa80	CSWSScriptVarTable::LoadVarTable		NWN-style named variables (VarTable: Name, Type, Value) at object+0x100 (med)
0x0059adb0	CSWSScriptVarTable::SaveVarTable		(med)
0x0059afe0	CSWVarTable::CSWVarTable	void __thiscall F()	KOTOR local variables (GFF SWVarTable) at object+0x110: 96 booleans as bits, 8 byte-sized numbers; class name ours (med)
0x0059b000	CSWVarTable::GetBoolean	int __thiscall F(int nIndex)	GetLocalBoolean, index 0..95 (high)
0x0059b040	CSWVarTable::SetBoolean	void __thiscall F(int nIndex, int bValue)	(high)
0x0059b0b0	CSWVarTable::GetNumber	int __thiscall F(int nIndex)	GetLocalNumber, index 0..7 (high)
0x0059b0d0	CSWVarTable::SetNumber	void __thiscall F(int nIndex, int nValue)	(high)
0x0059b0f0	CSWVarTable::LoadVarTable		BitArray / ByteArray (med)
0x0059b250	CSWVarTable::SaveVarTable		(med)
0x005a4c50	CLayout::GetRoomCount	int GetRoomCount()	folded getter of +0x24 (med)
0x005a4e90	CSWSCreatureStats::GetClass	int __thiscall F(int nClassSlot)	class id of slot 0/1 (high)
0x005a5090	CSWSCreatureStats::GetClassLevel	int __thiscall F(int nClassSlot, int bUnused)	(high)
0x005a5fd0	CSWSCreatureStats::GetLevel	int __thiscall F(int bIncludeNegativeLevels)	sum of class levels, used as the multiplier in max FP (med)
0x005a6190	CSWSCreatureStats::GetSTRStat	int __thiscall F()	base +0xe9 + race adjust + effects, at least 3 (high)
0x005a6250	CSWSCreatureStats::GetCONStat	int __thiscall F()	base +0xed (high)
0x005a6310	CSWSCreatureStats::GetINTStat	int __thiscall F()	base +0xef (high)
0x005a63d0	CSWSCreatureStats::GetWISStat	int __thiscall F()	base +0xf1 (high)
0x005a6490	CSWSCreatureStats::GetCHAStat	int __thiscall F()	base +0xf3 (high)
0x005a6550	CSWSCreatureStats::GetDEXStat	int __thiscall F()	base +0xeb (high)
0x005a6680	CSWSCreatureStats::HasFeat	int __thiscall F(int nFeat)	(high)
0x005aa570	CSWSCreatureStats::GetSkillRank	int __thiscall F(int nSkill, void *pVersus, int bBaseOnly)	(high)
0x005aca80	CSWSCreatureStats::CSWSCreatureStats	void __thiscall F(CSWSCreature *pCreature)	0x1b8-byte stats block; back pointer at +0x24 (high)
0x005aeb30	CSWSCreatureStats::ReadSpellsFromGff		ClassList / KnownList / Spell (med)
0x005aec90	CSWSCreatureStats::SaveClassInfo		writes ClassList, KnownList, feats, skills (med)
0x005afce0	CSWSCreatureStats::ReadStatsFromGff		UTC/BIC fields: names, abilities, classes, skills, feats, HP/FP, appearance, faction, perception (high)
0x005b1b90	CSWSCreatureStats::SaveStats		writer twin of ReadStatsFromGff (high)
0x005b3190	CExoString::CExoString		empty string (high)
0x005bbbf0	CSWSCreature::AIActionAttackObject	int __thiscall F(void *pActionNode)	action 0xc = ACTION_ATTACKOBJECT; starts combat rounds (high)
0x005bcda0	CSWClass::LoadAttackBonusTable		auto: named by its string at 0x0074b334
0x005bcf70	CSWClass::LoadFeatGain		auto: named by its string at 0x0074b370
0x005bd0f0	CSWClass::LoadFeatTable		auto: named by its string at 0x0074b3c8
0x005bd480	CSWClass::LoadSavingThrowTable		auto: named by its string at 0x0074b418
0x005bd6c0	CSWClass::LoadSkillsTable		auto: named by its string at 0x0074b454
0x005bd900	CSWClass::LoadSpellGainTable		auto: named by its string at 0x0074b4a0
0x005bdbe0	CSWClass::LoadSpellKnownTable		auto: named by its string at 0x0074b540
0x005bde80	CSWClass::LoadArmorClassTable		auto: named by its string at 0x0074b56c
0x005be4c0	CSWClass::LoadSpellsTable		auto: named by its string at 0x0074b5c0
0x005bfb60	C2DAs::C2DAs		zeroes the table pointers of the 0x12c-byte object kept at CSWRules+0xb8 (med)
0x005c0270	C2DAs::LoadAppearance	int LoadAppearance()	appearance.2da into C2DAs+0xc (high)
0x005c08f0	C2DAs::LoadAppearanceSndSet	int LoadAppearanceSndSet()	appearancesndset.2da into C2DAs+0x5c (high)
0x005c0ae0	C2DAs::LoadGENDER	int LoadGENDER()	gender.2da into C2DAs+0x10 (high)
0x005c0bb0	C2DAs::LoadSURFACEMAT	int LoadSURFACEMAT()	surfacemat.2da into C2DAs+0x14 (high)
0x005c0c80	C2DAs::LoadVisualeffects	int LoadVisualeffects()	visualeffects.2da into C2DAs+0x88 (high)
0x005c1010	C2DAs::LoadVFXPersistent	int LoadVFXPersistent()	vfx_persistent.2da into C2DAs+0x1c (high)
0x005c1580	C2DAs::LoadCreatureSpeed	int LoadCreatureSpeed()	creaturespeed.2da into C2DAs+0x20 (high)
0x005c1690	C2DAs::LoadDoorTypes	int LoadDoorTypes()	doortypes.2da into C2DAs+0x24 (high)
0x005c1760	C2DAs::LoadGenericDoors	int LoadGenericDoors()	genericdoors.2da into C2DAs+0x28 (high)
0x005c1830	C2DAs::LoadPlaceables	int LoadPlaceables()	placeables.2da into C2DAs+0x2c (high)
0x005c1980	C2DAs::LoadPlaceableobjsnds	int LoadPlaceableobjsnds()	placeableobjsnds.2da into C2DAs+0x70 (high)
0x005c1b40	C2DAs::LoadLoadscreens	int LoadLoadscreens()	loadscreens.2da into C2DAs+0x18 (high)
0x005c1be0	C2DAs::LoadIPRPMeleeCost	int LoadIPRPMeleeCost()	iprp_meleecost.2da into C2DAs+0x30 (high)
0x005c1c80	C2DAs::LoadItemPropDef	int LoadItemPropDef()	itempropdef.2da into C2DAs+0x34 (high)
0x005c1d20	C2DAs::LoadPortraits	int LoadPortraits()	portraits.2da into C2DAs+0x38 (high)
0x005c1dc0	C2DAs::LoadIPRPDAMAGECOST	int LoadIPRPDAMAGECOST()	iprp_damagecost.2da into C2DAs+0xb0 (high)
0x005c1e60	C2DAs::LoadTraps	int LoadTraps()	traps.2da into C2DAs+0x8c (high)
0x005c1f00	C2DAs::LoadLightColor	int LoadLightColor()	lightcolor.2da into C2DAs+0x48 (high)
0x005c1fa0	C2DAs::LoadCursors	int LoadCursors()	cursors.2da into C2DAs+0x4c (high)
0x005c2040	C2DAs::LoadAmbientMusic	int LoadAmbientMusic()	ambientmusic.2da into C2DAs+0x50 (high)
0x005c20e0	C2DAs::LoadAmbientSound	int LoadAmbientSound()	ambientsound.2da into C2DAs+0x54 (high)
0x005c2180	C2DAs::LoadFootstepSounds	int LoadFootstepSounds()	footstepsounds.2da into C2DAs+0x58 (high)
0x005c2290	C2DAs::LoadWeaponSounds	int LoadWeaponSounds()	weaponsounds.2da into C2DAs+0x60 (high)
0x005c2360	C2DAs::LoadAmmunitionTypes	int LoadAmmunitionTypes()	ammunitiontypes.2da into C2DAs+0x64 (high)
0x005c2400	C2DAs::LoadKeymap	int LoadKeymap()	keymap.2da into C2DAs+0x68 (high)
0x005c24a0	C2DAs::LoadBindableKeys	int LoadBindableKeys()	bindablekeys.2da into C2DAs+0x6c (high)
0x005c2540	C2DAs::LoadCameraStyle	int LoadCameraStyle()	camerastyle.2da into C2DAs+0x74 (high)
0x005c25e0	C2DAs::LoadTutorial	int LoadTutorial()	tutorial.2da into C2DAs+0x118 (high)
0x005c2680	C2DAs::LoadDifficultyopt	int LoadDifficultyopt()	difficultyopt.2da into C2DAs+0x7c (high)
0x005c2720	C2DAs::LoadGamma	int LoadGamma()	gamma.2da into C2DAs+0x80 (high)
0x005c27c0	C2DAs::LoadStateScripts	int LoadStateScripts()	statescripts.2da into C2DAs+0x84 (high)
0x005c2860	C2DAs::LoadPoison	int LoadPoison()	poison.2da into C2DAs+0x90 (high)
0x005c2900	C2DAs::LoadDisease	int LoadDisease()	disease.2da into C2DAs+0x94 (high)
0x005c29a0	C2DAs::LoadRepAdjust	int LoadRepAdjust()	repadjust.2da into C2DAs+0x98 (high)
0x005c2a40	C2DAs::LoadFractionalCR	int LoadFractionalCR()	fractionalcr.2da into C2DAs+0x9c (high)
0x005c2ae0	C2DAs::LoadEncDifficulty	int LoadEncDifficulty()	encdifficulty.2da into C2DAs+0xa8 (high)
0x005c2b80	C2DAs::LoadExcitedDuration	int LoadExcitedDuration()	excitedduration.2da into C2DAs+0xa0 (high)
0x005c2c20	C2DAs::LoadRegeneration	int LoadRegeneration()	regeneration.2da into C2DAs+0xa4 (high)
0x005c2d40	C2DAs::LoadXPTable	int LoadXPTable()	xptable.2da into C2DAs+0xc0 (high)
0x005c2de0	C2DAs::LoadIPRPMONSTCOST	int LoadIPRPMONSTCOST()	iprp_monstcost.2da into C2DAs+0xac (high)
0x005c2e80	C2DAs::LoadIPRPBONUSCOST	int LoadIPRPBONUSCOST()	iprp_bonuscost.2da into C2DAs+0xb4 (high)
0x005c2f20	C2DAs::LoadIPRPSRCOST	int LoadIPRPSRCOST()	iprp_srcost.2da into C2DAs+0xb8 (high)
0x005c2fc0	C2DAs::LoadIPRPNEG5COST	int LoadIPRPNEG5COST()	iprp_neg5cost.2da into C2DAs+0xbc (high)
0x005c3060	C2DAs::LoadRanges	int LoadRanges()	ranges.2da into C2DAs+0xc4 (high)
0x005c3100	C2DAs::LoadIPRPONHIT	int LoadIPRPONHIT()	iprp_onhit.2da into C2DAs+0xc8 (high)
0x005c31a0	C2DAs::LoadIPRPONHITDUR	int LoadIPRPONHITDUR()	iprp_onhitdur.2da into C2DAs+0xcc (high)
0x005c3240	C2DAs::LoadDamageHitVisual	int LoadDamageHitVisual()	damagehitvisual.2da into C2DAs+0xd0 (high)
0x005c32e0	C2DAs::LoadAnimations	int LoadAnimations()	animations.2da into C2DAs+0x3c (high)
0x005c3670	C2DAs::LoadBodybag	int LoadBodybag()	bodybag.2da into C2DAs+0xd4 (high)
0x005c3710	C2DAs::LoadForceAdjust	int LoadForceAdjust()	forceadjust.2da into C2DAs+0xd8 (high)
0x005c3830	C2DAs::LoadGameEffects	int LoadGameEffects()	gameeffects.2da into C2DAs+0xdc (high)
0x005c38d0	C2DAs::LoadRepute	int LoadRepute()	repute.2da into C2DAs+0xe0 (high)
0x005c3970	C2DAs::LoadWeaponDischarge	int LoadWeaponDischarge()	weapondischarge.2da into C2DAs+0xe4 (high)
0x005c3a10	C2DAs::LoadDroidDischarge	int LoadDroidDischarge()	droiddischarge.2da into C2DAs+0xe8 (high)
0x005c3ab0	C2DAs::LoadPlot	int LoadPlot()	plot.2da into C2DAs+0xec (high)
0x005c3b50	C2DAs::LoadCombatAnimations	int LoadCombatAnimations()	combatanimations.2da into C2DAs+0x78 (high)
0x005c3bf0	C2DAs::LoadDialogAnimations	int LoadDialogAnimations()	dialoganimations.2da into C2DAs+0x40 (high)
0x005c3d70	C2DAs::LoadNPC	int LoadNPC()	npc.2da into C2DAs+0xf0 (high)
0x005c3e10	C2DAs::LoadSpells	int LoadSpells()	spells.2da into C2DAs+0xf4 (high)
0x005c3eb0	C2DAs::LoadFeat	int LoadFeat()	feat.2da into C2DAs+0xf8 (high)
0x005c3f50	C2DAs::LoadFormations	int LoadFormations()	formations.2da into C2DAs+0xfc (high)
0x005c3ff0	C2DAs::LoadGrenadeSND	int LoadGrenadeSND()	grenadesnd.2da into C2DAs+0x100 (high)
0x005c4090	C2DAs::LoadPlanetary	int LoadPlanetary()	planetary.2da into C2DAs+0x104 (high)
0x005c4130	C2DAs::LoadFeedBackText	int LoadFeedBackText()	feedbacktext.2da into C2DAs+0x108 (high)
0x005c41d0	C2DAs::LoadForceShields	int LoadForceShields()	forceshields.2da into C2DAs+0x10c (high)
0x005c4270	C2DAs::LoadHeads	int LoadHeads()	heads.2da into C2DAs+0x44 (high)
0x005c4310	C2DAs::LoadItemValue	int LoadItemValue()	itemvalue.2da into C2DAs+0x114 (high)
0x005c43b0	C2DAs::LoadVideoEffects	int LoadVideoEffects()	videoeffects.2da into C2DAs+0x110 (high)
0x005c4450	C2DAs::LoadMovies	int LoadMovies()	movies.2da into C2DAs+0x11c (high)
0x005c44f0	C2DAs::LoadEffectIcon	int LoadEffectIcon()	effecticon.2da into C2DAs+0x120 (high)
0x005c45b0	C2DAs::LoadRemovefxondeath	int LoadRemovefxondeath()	removefxondeath.2da into C2DAs+0x124 (high)
0x005c4670	C2DAs::LoadTexPacks	int LoadTexPacks()	texpacks.2da into C2DAs+0x128 (high)
0x005c4730	C2DAs::LoadIPRPCostTables	int LoadIPRPCostTables()	every cost table named by iprp_costtable.2da (array at +0x00, count byte at +0x08) (high)
0x005c49c0	C2DAs::LoadIPRPParamTables	int LoadIPRPParamTables()	every param table named by iprp_paramtable.2da (high)
0x005c4c20	C2DAs::Load2DArrays	int Load2DArrays()	loads every cached 2DA in a fixed order; some only for the client or server role (high)
0x005c6ab0	CSWSStore::CSWSStore	void __thiscall F(uint nObjectId)	(high)
0x005c6bf0	CSWSStore::~CSWSStore	void __thiscall F()	(high)
0x005c6cd0	CSWSStore::SaveStore		(high)
0x005c6ee0	CSWSStore::EventHandler		slot 30 (high)
0x005c7160	CSWSStore::scalar_deleting_destructor	void * __thiscall F(int nFlags)	(high)
0x005c7180	CSWSStore::LoadStore		UTM fields: LocName, MarkUp/MarkDown, BuySellFlag, OnOpenStore, ItemList (high)
0x005c7760	CSWSStore::LoadFromTemplate	int __thiscall F(void *pResRef, int nFlags)	opens the UTM (high)
0x005c7ad0	CSWRace::LoadFeatTable		auto: named by its string at 0x0074bf54
0x005c7e70	CSWSWaypoint::CSWSWaypoint	void __thiscall F(uint nObjectId)	(high)
0x005c7f10	CSWSWaypoint::EventHandler		slot 30 (high)
0x005c7f30	CSWSWaypoint::LoadWaypoint		Tag, LocalizedName, position, orientation, map note; registers the tag with the module (high)
0x005c8230	CSWSWaypoint::SaveWaypoint		(high)
0x005c83b0	CSWSWaypoint::LoadFromTemplate	int __thiscall F(void *pResRef)	opens the UTW (high)
0x005c84e0	CSWSWaypoint::~CSWSWaypoint	void __thiscall F()	(high)
0x005c8630	CSWSWaypoint::scalar_deleting_destructor	void * __thiscall F(int nFlags)	(high)
0x005c8650	CSWSSoundObject::EventHandler		slot 30 (high)
0x005c8660	CSWSSoundObject::~CSWSSoundObject	void __thiscall F()	(high)
0x005c86d0	CSWSSoundObject::SaveSound		(high)
0x005c8f30	CSWSSoundObject::CSWSSoundObject	void __thiscall F(uint nObjectId)	(high)
0x005c9020	CSWSSoundObject::scalar_deleting_destructor	void * __thiscall F(int nFlags)	(high)
0x005c9040	CSWSSoundObject::LoadSound		UTS fields: Active, Looping, Volume, Interval, Sounds ... (high)
0x005c94e0	CSWSSoundObject::LoadFromTemplate	int __thiscall F(void *pResRef)	opens the UTS (high)
0x005cb350	CSWVirtualMachineCommands::ExecuteCommandAurPostString	int __thiscall ExecuteCommand(int nCommand, int nParameters)	NWScript routine 582 AurPostString
0x005cb480	CSWVirtualMachineCommands::ExecuteCommandSWMG_GetLastEvent	int __thiscall ExecuteCommand(int nCommand, int nParameters)	NWScript routine 583 SWMG_GetLastEvent
0x005cb560	CSWVirtualMachineCommands::ExecuteCommandSWMG_GetLastEventModelName	int __thiscall ExecuteCommand(int nCommand, int nParameters)	NWScript routine 584 SWMG_GetLastEventModelName
0x005cb650	CSWVirtualMachineCommands::ExecuteCommandSWMG_GetObjectByName	int __thiscall ExecuteCommand(int nCommand, int nParameters)	NWScript routine 585 SWMG_GetObjectByName
0x005cb730	CSWVirtualMachineCommands::ExecuteCommandSWMG_PlayAnimation	int __thiscall ExecuteCommand(int nCommand, int nParameters)	NWScript routine 586 SWMG_PlayAnimation
0x005cb870	CSWVirtualMachineCommands::ExecuteCommandSWMG_GetLastBulletHitDamage	int __thiscall ExecuteCommand(int nCommand, int nParameters)	NWScript routines (shared handler, switches on nCommand): 587 SWMG_GetLastBulletHitDamage, 588 SWMG_GetLastBulletHitTarget, 595 SWMG_GetLastBulletFiredDamage, 596 SWMG_GetLastBulletFiredTarget
0x005cb930	CSWVirtualMachineCommands::ExecuteCommandSWMG_GetLastBulletHitShooter	int __thiscall ExecuteCommand(int nCommand, int nParameters)	NWScript routine 589 SWMG_GetLastBulletHitShooter
0x005cb990	CSWVirtualMachineCommands::ExecuteCommandSWMG_AdjustFollowerHitPoints	int __thiscall ExecuteCommand(int nCommand, int nParameters)	NWScript routines (shared handler, switches on nCommand): 590 SWMG_AdjustFollowerHitPoints, 604 SWMG_SetFollowerHitPoints
0x005cba20	CSWVirtualMachineCommands::ExecuteCommandSWMG_OnBulletHit	int __thiscall ExecuteCommand(int nCommand, int nParameters)	NWScript routines (shared handler, switches on nCommand): 591 SWMG_OnBulletHit, 592 SWMG_OnObstacleHit, 598 SWMG_OnDeath, 605 SWMG_OnDamage
0x005cbb00	CSWVirtualMachineCommands::ExecuteCommandSWMG_GetLastFollowerHit	int __thiscall ExecuteCommand(int nCommand, int nParameters)	NWScript routines (shared handler, switches on nCommand): 593 SWMG_GetLastFollowerHit, 594 SWMG_GetLastObstacleHit
0x005cbb80	CSWVirtualMachineCommands::ExecuteCommandSWMG_GetObjectName	int __thiscall ExecuteCommand(int nCommand, int nParameters)	NWScript routine 597 SWMG_GetObjectName
0x005cbc80	CSWVirtualMachineCommands::ExecuteCommandSWMG_IsFollower	int __thiscall ExecuteCommand(int nCommand, int nParameters)	NWScript routines (shared handler, switches on nCommand): 599 SWMG_IsFollower, 600 SWMG_IsPlayer, 601 SWMG_IsEnemy, 602 SWMG_IsTrigger, 603 SWMG_IsObstacle
0x005cbd60	CSWVirtualMachineCommands::ExecuteCommandSWMG_GetLastHPChange	int __thiscall ExecuteCommand(int nCommand, int nParameters)	NWScript routine 606 SWMG_GetLastHPChange
0x005cbdb0	CSWVirtualMachineCommands::ExecuteCommandSWMG_RemoveAnimation	int __thiscall ExecuteCommand(int nCommand, int nParameters)	NWScript routine 607 SWMG_RemoveAnimation
0x005cbe90	CSWVirtualMachineCommands::ExecuteCommandSWMG_GetCameraNearClip	int __thiscall ExecuteCommand(int nCommand, int nParameters)	NWScript routines (shared handler, switches on nCommand): 608 SWMG_GetCameraNearClip, 609 SWMG_GetCameraFarClip
0x005cbf00	CSWVirtualMachineCommands::ExecuteCommandSWMG_SetCameraClip	int __thiscall ExecuteCommand(int nCommand, int nParameters)	NWScript routine 610 SWMG_SetCameraClip
0x005cbf70	CSWVirtualMachineCommands::ExecuteCommandSWMG_GetPlayer	int __thiscall ExecuteCommand(int nCommand, int nParameters)	NWScript routine 611 SWMG_GetPlayer
0x005cbfb0	CSWVirtualMachineCommands::ExecuteCommandSWMG_GetEnemyCount	int __thiscall ExecuteCommand(int nCommand, int nParameters)	NWScript routines (shared handler, switches on nCommand): 612 SWMG_GetEnemyCount, 614 SWMG_GetObstacleCount
0x005cc000	CSWVirtualMachineCommands::ExecuteCommandSWMG_GetEnemy	int __thiscall ExecuteCommand(int nCommand, int nParameters)	NWScript routines (shared handler, switches on nCommand): 613 SWMG_GetEnemy, 615 SWMG_GetObstacle
0x005cc0a0	CSWVirtualMachineCommands::ExecuteCommandSWMG_GetHitPoints	int __thiscall ExecuteCommand(int nCommand, int nParameters)	NWScript routines (shared handler, switches on nCommand): 616 SWMG_GetHitPoints, 617 SWMG_GetMaxHitPoints, 621 SWMG_GetNumLoops, 624 SWMG_GetGunBankCount, 665 SWMG_GetIsInvulnerable
0x005cc190	CSWVirtualMachineCommands::ExecuteCommandSWMG_StartInvulnerability	int __thiscall ExecuteCommand(int nCommand, int nParameters)	NWScript routine 666 SWMG_StartInvulnerability
0x005cc1e0	CSWVirtualMachineCommands::ExecuteCommandSWMG_GetSphereRadius	int __thiscall ExecuteCommand(int nCommand, int nParameters)	NWScript routines (shared handler, switches on nCommand): 619 SWMG_GetSphereRadius, 642 SWMG_GetPlayerInvincibility
0x005cc280	CSWVirtualMachineCommands::ExecuteCommandSWMG_GetPosition	int __thiscall ExecuteCommand(int nCommand, int nParameters)	NWScript routine 623 SWMG_GetPosition
0x005cc330	CSWVirtualMachineCommands::ExecuteCommandSWMG_SetMaxHitPoints	int __thiscall ExecuteCommand(int nCommand, int nParameters)	NWScript routines (shared handler, switches on nCommand): 618 SWMG_SetMaxHitPoints, 622 SWMG_SetNumLoops
0x005cc3c0	CSWVirtualMachineCommands::ExecuteCommandSWMG_SetSphereRadius	int __thiscall ExecuteCommand(int nCommand, int nParameters)	NWScript routines (shared handler, switches on nCommand): 620 SWMG_SetSphereRadius, 648 SWMG_SetPlayerInvincibility
0x005cc450	CSWVirtualMachineCommands::ExecuteCommandSWMG_GetGunBankBulletModel	int __thiscall ExecuteCommand(int nCommand, int nParameters)	NWScript routines (shared handler, switches on nCommand): 625 SWMG_GetGunBankBulletModel, 626 SWMG_GetGunBankGunModel
0x005cc580	CSWVirtualMachineCommands::ExecuteCommandSWMG_GetGunBankDamage	int __thiscall ExecuteCommand(int nCommand, int nParameters)	NWScript routines (shared handler, switches on nCommand): 627 SWMG_GetGunBankDamage, 631 SWMG_GetGunBankTarget, 640 SWMG_IsGunBankTargetting
0x005cc640	CSWVirtualMachineCommands::ExecuteCommandSWMG_GetGunBankTimeBetweenShots	int __thiscall ExecuteCommand(int nCommand, int nParameters)	NWScript routines (shared handler, switches on nCommand): 628 SWMG_GetGunBankTimeBetweenShots, 629 SWMG_GetGunBankLifespan, 630 SWMG_GetGunBankSpeed
0x005cc700	CSWVirtualMachineCommands::ExecuteCommandSWMG_GetGunBankHorizontalSpread	int __thiscall ExecuteCommand(int nCommand, int nParameters)	NWScript routines (shared handler, switches on nCommand): 657 SWMG_GetGunBankHorizontalSpread, 658 SWMG_GetGunBankVerticalSpread, 659 SWMG_GetGunBankSensingRadius, 660 SWMG_GetGunBankInaccuracy
0x005cc7f0	CSWVirtualMachineCommands::ExecuteCommandSWMG_SetGunBankBulletModel	int __thiscall ExecuteCommand(int nCommand, int nParameters)	NWScript routines (shared handler, switches on nCommand): 632 SWMG_SetGunBankBulletModel, 633 SWMG_SetGunBankGunModel
0x005cc920	CSWVirtualMachineCommands::ExecuteCommandSWMG_SetGunBankDamage	int __thiscall ExecuteCommand(int nCommand, int nParameters)	NWScript routines (shared handler, switches on nCommand): 634 SWMG_SetGunBankDamage, 638 SWMG_SetGunBankTarget
0x005cc9d0	CSWVirtualMachineCommands::ExecuteCommandSWMG_SetGunBankTimeBetweenShots	int __thiscall ExecuteCommand(int nCommand, int nParameters)	NWScript routines (shared handler, switches on nCommand): 635 SWMG_SetGunBankTimeBetweenShots, 636 SWMG_SetGunBankLifespan, 637 SWMG_SetGunBankSpeed
0x005ccaa0	CSWVirtualMachineCommands::ExecuteCommandSWMG_SetGunBankHorizontalSpread	int __thiscall ExecuteCommand(int nCommand, int nParameters)	NWScript routines (shared handler, switches on nCommand): 661 SWMG_SetGunBankHorizontalSpread, 662 SWMG_SetGunBankVerticalSpread, 663 SWMG_SetGunBankSensingRadius, 664 SWMG_SetGunBankInaccuracy
0x005ccbb0	CSWVirtualMachineCommands::ExecuteCommandSWMG_GetLastBulletHitPart	int __thiscall ExecuteCommand(int nCommand, int nParameters)	NWScript routine 639 SWMG_GetLastBulletHitPart
0x005ccc60	CSWVirtualMachineCommands::ExecuteCommandSWMG_GetPlayerSpeed	int __thiscall ExecuteCommand(int nCommand, int nParameters)	NWScript routines (shared handler, switches on nCommand): 643 SWMG_GetPlayerSpeed, 644 SWMG_GetPlayerMinSpeed, 645 SWMG_GetPlayerAccelerationPerSecond, 667 SWMG_GetPlayerMaxSpeed
0x005ccd20	CSWVirtualMachineCommands::ExecuteCommandSWMG_GetPlayerOffset	int __thiscall ExecuteCommand(int nCommand, int nParameters)	NWScript routines (shared handler, switches on nCommand): 641 SWMG_GetPlayerOffset, 646 SWMG_GetPlayerTunnelPos, 653 SWMG_GetPlayerTunnelNeg, 655 SWMG_GetPlayerOrigin, 717 SWMG_GetPlayerTunnelInfinite
0x005cce70	CSWVirtualMachineCommands::ExecuteCommandSWMG_SetPlayerSpeed	int __thiscall ExecuteCommand(int nCommand, int nParameters)	NWScript routines (shared handler, switches on nCommand): 649 SWMG_SetPlayerSpeed, 650 SWMG_SetPlayerMinSpeed, 651 SWMG_SetPlayerAccelerationPerSecond, 668 SWMG_SetPlayerMaxSpeed
0x005ccf30	CSWVirtualMachineCommands::ExecuteCommandSWMG_SetPlayerOffset	int __thiscall ExecuteCommand(int nCommand, int nParameters)	NWScript routines (shared handler, switches on nCommand): 647 SWMG_SetPlayerOffset, 652 SWMG_SetPlayerTunnelPos, 654 SWMG_SetPlayerTunnelNeg, 656 SWMG_SetPlayerOrigin, 718 SWMG_SetPlayerTunnelInfinite
0x005cd0a0	CSWVirtualMachineCommands::ExecuteCommandSWMG_GetSoundFrequency	int __thiscall ExecuteCommand(int nCommand, int nParameters)	NWScript routines (shared handler, switches on nCommand): 683 SWMG_GetSoundFrequency, 685 SWMG_GetSoundFrequencyIsRandom, 687 SWMG_GetSoundVolume
0x005cd160	CSWVirtualMachineCommands::ExecuteCommandSWMG_SetSoundFrequency	int __thiscall ExecuteCommand(int nCommand, int nParameters)	NWScript routines (shared handler, switches on nCommand): 684 SWMG_SetSoundFrequency, 686 SWMG_SetSoundFrequencyIsRandom, 688 SWMG_SetSoundVolume
0x005cd230	CSWVirtualMachineCommands::ExecuteCommandSWMG_SetLateralAccelerationPerSecond	int __thiscall ExecuteCommand(int nCommand, int nParameters)	NWScript routine 520 SWMG_SetLateralAccelerationPerSecond
0x005cd280	CSWVirtualMachineCommands::ExecuteCommandSWMG_GetLateralAccelerationPerSecond	int __thiscall ExecuteCommand(int nCommand, int nParameters)	NWScript routine 521 SWMG_GetLateralAccelerationPerSecond
0x005cd2c0	CSWVirtualMachineCommands::InitializeMiniGameCommands		tail-called by InitializeCommands; fills the SWMG_* minigame slots
0x005cea50	CResMDL::CResMDL		type 2002, created by the mdl helper 0x00710180 (med)
0x005ceab0	CResBWM::CResBWM		walkmesh resource (med)
0x005ceae0	CResBWM::OnResourceServiced	int OnResourceServiced()	records data and size; notes whether it starts with "BWM V1.0" (binary) (high)
0x005ceb30	CResBWM::IsBinary	int IsBinary()	"BWM V1.0" prefix test (high)
0x005d0f40	CVirtualMachine::CVirtualMachine	CVirtualMachine * __thiscall CVirtualMachine(void)	allocates the 0x3d8-byte CVirtualMachineInternal and stores it at +0 (high)
0x005d0fb0	CVirtualMachine::~CVirtualMachine	void __thiscall ~CVirtualMachine(void)	deletes the internal VM through its virtual deleting destructor (high)
0x005d0fc0	CVirtualMachine::RunScript	int __thiscall RunScript(CExoString * sScript, uint oidSelf, int bOidValid)	thunk to 0x005d45d0; 1 ok, 0 failure (high)
0x005d0fd0	CVirtualMachine::RunScriptSituation	int __thiscall RunScriptSituation(CVirtualMachineScript * pScript, uint oidSelf, int bOidValid)	thunk to 0x005d4ad0; runs a saved action continuation and deletes it (high)
0x005d0fe0	CVirtualMachine::GetRunScriptReturnValue	int __thiscall GetRunScriptReturnValue(int * pType, int * pValue)	thunk to 0x005d1820 (high)
0x005d0ff0	CVirtualMachine::SetCommandImplementer	void __thiscall SetCommandImplementer(CVirtualMachineCmdImplementer * pImpl)	thunk to 0x005d1a40 (high)
0x005d1000	CVirtualMachine::StackPopInteger	int __thiscall StackPopInteger(int * pValue)	returns 0 when the stack is empty or the top is not an int (handlers then return -2001)
0x005d1010	CVirtualMachine::StackPushInteger	int __thiscall StackPushInteger(int nValue)	
0x005d1020	CVirtualMachine::StackPopFloat	int __thiscall StackPopFloat(float * pValue)	thunk to 0x005d2510; 0 if empty or top is not a float (high)
0x005d1030	CVirtualMachine::StackPushFloat	int __thiscall StackPushFloat(float fValue)	thunk to 0x005d1880 (high)
0x005d1040	CVirtualMachine::StackPopVector	int __thiscall StackPopVector(float * pVector)	thunk to 0x005d2560; pops z, y, x float cells (high)
0x005d1050	CVirtualMachine::StackPushVector	int __thiscall StackPushVector(float x, float y, float z)	Vector passed by value; pushes x, y, z (high)
0x005d1080	CVirtualMachine::StackPopString	int __thiscall StackPopString(CExoString * pValue)	thunk to 0x005d25e0 (high)
0x005d1090	CVirtualMachine::StackPushString	int __thiscall StackPushString(CExoString * pValue)	thunk to 0x005d1930; pushes a heap copy (high)
0x005d10a0	CVirtualMachine::StackPopEngineStructure	int __thiscall StackPopEngineStructure(int nType, void * ppStructure)	thunk to 0x005d2630; out param is void**, receives a copy (high)
0x005d10b0	CVirtualMachine::StackPushEngineStructure	int __thiscall StackPushEngineStructure(int nType, void * pStructure)	thunk to 0x005d19c0; pushes a copy, caller keeps ownership (high)
0x005d10c0	CVirtualMachine::StackPopObject	int __thiscall StackPopObject(uint * pOid)	thunk to 0x005d26a0 (high)
0x005d10d0	CVirtualMachine::StackPushObject	int __thiscall StackPushObject(uint oid)	thunk to 0x005d1a10 (high)
0x005d10e0	CVirtualMachine::StackPopCommand	int __thiscall StackPopCommand(void * ppScript)	thunk to 0x005d4380; out param is CVirtualMachineScript**; used by AssignCommand, DelayCommand, ActionDoCommand (high; name med)
0x005d10f0	CVirtualMachine::SaveScriptSituation	int __thiscall SaveScriptSituation(CVirtualMachineScript * pScript, CResGFF * pRes, CResStruct * pStruct)	thunk to 0x005d47a0 (high)
0x005d1100	CVirtualMachine::LoadScriptSituation	int __thiscall LoadScriptSituation(void * ppScript, CResGFF * pRes, CResStruct * pStruct)	thunk to 0x005d26f0; out param is CVirtualMachineScript** (high)
0x005d1110	CVirtualMachine::DeleteScriptSituation	void __thiscall DeleteScriptSituation(CVirtualMachineScript * pScript)	thunk to 0x005d48e0 (high)
0x005d15a0	CVirtualMachineStack::AddToTopOfStack	void __thiscall AddToTopOfStack(int nType)	grows by 256 cells when full; default value 0, OBJECT_INVALID for objects (high)
0x005d16c0	CVirtualMachineStack::ModifyIntegerAtLocation	void __thiscall ModifyIntegerAtLocation(int nLocation, int nDelta)	INC/DEC ISP/IBP; only if the cell is an int (high)
0x005d16f0	CVirtualMachineInternal::InitializeScript	void __thiscall InitializeScript(CVirtualMachineScript * pScript, char * pCode, int nCodeSize)	resets a script slot and stores a fresh copy of the code (high; name med)
0x005d1740	CVirtualMachineScript::CVirtualMachineScript	CVirtualMachineScript * __thiscall CVirtualMachineScript(void)	0x28-byte script slot / situation (high)
0x005d17b0	CVirtualMachineInternal::PopInstructionPtr	int __thiscall PopInstructionPtr(int * pInstructionPtr)	false when the return-address stack is empty (high)
0x005d17f0	CVirtualMachineInternal::PushInstructionPtr	int __thiscall PushInstructionPtr(int nInstructionPtr)	return-address stack at +0x1c8, depth +0x1c4; false when depth reaches 128 (high)
0x005d1820	CVirtualMachineInternal::GetRunScriptReturnValue	int __thiscall GetRunScriptReturnValue(int * pType, int * pValue)	only an int return value (type 3) is reported (high)
0x005d1850	CVirtualMachineInternal::StackPushInteger	int __thiscall StackPushInteger(int nValue)	type 3 (high)
0x005d1880	CVirtualMachineInternal::StackPushFloat	int __thiscall StackPushFloat(float fValue)	type 4 (high)
0x005d18b0	CVirtualMachineInternal::StackPushVector	int __thiscall StackPushVector(float x, float y, float z)	three type-4 cells (high)
0x005d1930	CVirtualMachineInternal::StackPushString	int __thiscall StackPushString(CExoString * pValue)	type 5, heap copy (high)
0x005d19c0	CVirtualMachineInternal::StackPushEngineStructure	int __thiscall StackPushEngineStructure(int nType, void * pStructure)	type 0x10+n; pushes a copy via implementer slot 8; 0 without implementer (high)
0x005d1a10	CVirtualMachineInternal::StackPushObject	int __thiscall StackPushObject(uint oid)	type 6 (high)
0x005d1a40	CVirtualMachineInternal::SetCommandImplementer	void __thiscall SetCommandImplementer(CVirtualMachineCmdImplementer * pImpl)	stores +0x3d4 and calls the implementer's InitializeCommands (high)
0x005d1a60	CResHelperNCS::~CResHelperNCS	void __thiscall ~CResHelperNCS(void)	CResHelper<CResNCS,2010> destructor, vtable 0x0074c490 (high)
0x005d1ac0	CResHelperNCS::SetResRef	void SetResRef(void * pResRef, int bDemand)	ncs (2010) (med)
0x005d1c20	CResHelperNCS::ScalarDeletingDestructor	void * __thiscall ScalarDeletingDestructor(int flags)	vtable 0x0074c490 slot 0 (high)
0x005d1c40	CVirtualMachineStack::AssignLocationToLocation	void __thiscall AssignLocationToLocation(int nSource, int nDest)	copies one cell with deep copy of strings and engine structures; grows if nDest == SP (high)
0x005d1d80	CVirtualMachineStack::SaveStack	int __thiscall SaveStack(CResGFF * pRes, CResStruct * pStruct)	BasePointer, StackPointer, TotalSize, list Stack of Type/Value (high)
0x005d1ef0	CVirtualMachineStack::LoadStack	int __thiscall LoadStack(CResGFF * pRes, CResStruct * pStruct)	reads what SaveStack writes (high)
0x005d2140	CVirtualMachineStack::ClearStack	void __thiscall ClearStack(void)	destroys all cells and frees the arrays (high)
0x005d21f0	CVirtualMachineStack::SetStackPointer	void __thiscall SetStackPointer(int nStackPointer)	lowers SP, destroying strings and engine structures; never raises it (high)
0x005d2260	CVirtualMachineInternal::ReadScriptFile	int __thiscall ReadScriptFile(CExoString * sScript)	new recursion level (max 8, -94), demands the 2010 resource (-95), checks the NCS V1.0 + 0x42 header (-96), copies code from offset 13 (high)
0x005d23e0	CVirtualMachineInternal::SetUpScriptSituation	int __thiscall SetUpScriptSituation(CVirtualMachineScript * pScript)	opens a level from a situation: reads the NCS by name if it has no code, else adopts its code; copies IP, name, CRC (high; name med)
0x005d24c0	CVirtualMachineInternal::StackPopInteger	int __thiscall StackPopInteger(int * pValue)	type 3 (high)
0x005d2510	CVirtualMachineInternal::StackPopFloat	int __thiscall StackPopFloat(float * pValue)	type 4 (high)
0x005d2560	CVirtualMachineInternal::StackPopVector	int __thiscall StackPopVector(float * pVector)	three type-4 cells, z on top (high)
0x005d25e0	CVirtualMachineInternal::StackPopString	int __thiscall StackPopString(CExoString * pValue)	type 5 (high)
0x005d2630	CVirtualMachineInternal::StackPopEngineStructure	int __thiscall StackPopEngineStructure(int nType, void * ppStructure)	type 0x10+n; returns a copy via implementer slot 8 (high)
0x005d26a0	CVirtualMachineInternal::StackPopObject	int __thiscall StackPopObject(uint * pOid)	type 6 (high)
0x005d26f0	CVirtualMachineInternal::LoadScriptSituation	int __thiscall LoadScriptSituation(void * ppScript, CResGFF * pRes, CResStruct * pStruct)	reads the fields above into a new situation, sets loaded-from-save (high)
0x005d28f0	CVirtualMachineStack::CopyFromStack	void __thiscall CopyFromStack(CVirtualMachineStack * pSource, int nStackBytes, int nBaseBytes)	globals below source BP + top locals below source SP; both 0 = whole stack (high)
0x005d2bd0	CVirtualMachineInternal::ExecuteCode	int __thiscall ExecuteCode(int * pInstructionPtr, char * pCode, int nCodeSize)	the NCS interpreter loop: opcodes 0x01-0x2C, 0 ok or a negative error (high)
0x005d4270	CVirtualMachineInternal::RunScriptFile	int __thiscall RunScriptFile(int nInstructionPtr)	pushes the -1 return sentinel, calls ExecuteCode, on error calls ReportError and restores SP and return depth (high; name med)
0x005d4380	CVirtualMachineInternal::StackPopCommand	int __thiscall StackPopCommand(void * ppScript)	builds a situation from the last STORE_STATE: saved IP, CopyFromStack(locals, globals), name, code only if loaded from save (high; name med)
0x005d44f0	CVirtualMachineInternal::DeleteScript	int __thiscall DeleteScript(CVirtualMachineScript * pScript)	frees a slot's stack and code and resets its fields (IP field back to 13) (high; name med)
0x005d4550	CVirtualMachineScript::~CVirtualMachineScript	void __thiscall ~CVirtualMachineScript(void)	frees the saved stack, the code and the name (high)
0x005d45d0	CVirtualMachineInternal::RunScript	int __thiscall RunScript(CExoString * sScript, uint oidSelf, int bOidValid)	loads the NCS into a new level, sets OBJECT_SELF, runs from offset 0, keeps an int return value; 1 ok (high)
0x005d47a0	CVirtualMachineInternal::SaveScriptSituation	int __thiscall SaveScriptSituation(CVirtualMachineScript * pScript, CResGFF * pRes, CResStruct * pStruct)	writes CodeSize, Code (loads the NCS if needed), CRC 0, InstructionPtr, SecondaryPtr, Name, StackSize, Stack (high)
0x005d48e0	CVirtualMachineInternal::DeleteScriptSituation	void __thiscall DeleteScriptSituation(CVirtualMachineScript * pScript)	destructor + free if non-null (high)
0x005d4900	CVirtualMachineInternal::CVirtualMachineInternal	CVirtualMachineInternal * __thiscall CVirtualMachineInternal(void)	CResHelper<CResNCS,2010> base, 8 script slots, recursion level -1, no implementer, stack VM pointer = this (high)
0x005d49b0	CVirtualMachineInternal::~CVirtualMachineInternal	void __thiscall ~CVirtualMachineInternal(void)	frees the 8 slots and the runtime stack, then the CResHelper part (high)
0x005d4ad0	CVirtualMachineInternal::RunScriptSituation	int __thiscall RunScriptSituation(CVirtualMachineScript * pScript, uint oidSelf, int bOidValid)	replaces the runtime stack with the saved one, resets counters, runs from the saved IP, deletes the situation (high)
0x005d4c10	CVirtualMachineInternal::ScalarDeletingDestructor	void * __thiscall ScalarDeletingDestructor(int flags)	vtable 0x0074c4fc slot 0 (high)
0x005d4c30	CResNCS::CResNCS	CResNCS * __thiscall CResNCS(void)	type 2010 (high)
0x005d4c50	CResNCS::~CResNCS	void __thiscall ~CResNCS(void)	(high)
0x005d4c60	CResLYT::OnResourceServiced	int OnResourceServiced()	folded body shared by MDL/NCS/LYT/LIP/VIS/TXI/MDX: data at +0x30, size at +0x2c, loaded flag +0x28 (med)
0x005d4c90	CResNCS::ScalarDeletingDestructor	void * __thiscall ScalarDeletingDestructor(int flags)	vtable 0x0074c508 slot 0 (high)
0x005d4cb0	CNetLayer::SendMessageToPlayer		auto: named by its string at 0x0074c550
0x005d54a0	CNetLayer::CNetLayer		0x2007c bytes: a 128 KB message ring plus peer/state fields; one for the client (+0x10) and one for the server (med)
0x005d5550	CNetLayer::Initialize	int Initialize(void * pOwnerApp)	in-process loopback: the second instance created links itself to the first (0x0083288c) as its peer (med)
0x005d5650	CNetLayer::UpdateStatusLoop	int UpdateStatusLoop(void * hInstance)	periodic connection housekeeping, called each client frame (low)
0x005d57d0	CNetLayer::ProcessReceivedFrames	void ProcessReceivedFrames(int bProcess)	drains the ring and hands each message to the owning app's message handler (vtable slot 1) (med)
0x005d5920	CExoSoundSource::GetIsPlaying		(med)
0x005d5930	CExoSoundSource::Play		(med)
0x005d5950	CExoSoundSource::SetVolume	void SetVolume(int nVolume)	0..127 (med)
0x005d59e0	CExoSoundSource::SetPosition	void SetPosition(void * pPosition, float fHeightOffset)	(med)
0x005d5a50	CExoStreamingSoundSource::CExoStreamingSoundSource		owns a 0x84 internal stream; music, ambience and long voice lines (high)
0x005d5af0	CExoStreamingSoundSource::GetIsPlaying		(high)
0x005d5b10	CExoStreamingSoundSource::Play	int Play(void * sResRef, int nType, int nArg1, int nArg2)	(med)
0x005d5b40	CExoStreamingSoundSource::SetLooping	void SetLooping(int bLooping)	(med)
0x005d5b50	CExoStreamingSoundSource::SetVolume	void SetVolume(int nVolume)	0..127 (med)
0x005d5b80	CExoStreamingSoundSource::Pause		(med)
0x005d5bc0	CExoSound::CExoSound	CExoSound * CExoSound(int n2DVoices, int n3DVoices, int nProvider, int bHardware)	creates a 0x14c CExoSoundInternal unless sound is disabled (high)
0x005d5dd0	CExoSound::Update		(high)
0x005d5de0	CExoSound::SetListenerOrientation	void SetListenerOrientation(float * pFront, float * pUp)	(high)
0x005d5df0	CExoSound::SetListenerPosition	void SetListenerPosition(float * pPosition)	(high)
0x005d5e10	CExoSound::PlayVoiceStream	int PlayVoiceStream(void * sResRef)	streams a C_/P_/N_ prefixed voice resource through a private streaming source; name descriptive (low)
0x005d5e80	CExoSound::SetSoundMode	void SetSoundMode(int nMode)	game/paused/movie/dialog modes; 5 pushes and 6 pops a pause state (med)
0x005d5e90	CResHelperWAV::SetResRef	void SetResRef(void * pResRef, int bDemand)	wav (4) (med)
0x005d60e0	CExoSoundSource::CExoSoundSource	CExoSoundSource * CExoSoundSource(void * sResRef)	vtable 0x0074c608, owns a 0xa0 internal source (high)
0x005d6200	CExoStreamingSoundSource::~CExoStreamingSoundSource		(high)
0x005d62f0	CExoSound::~CExoSound		(med)
0x005d63f0	CExoSound::Reinitialize	void Reinitialize(int nProvider, int bHardware)	(med)
0x005d64f0	CLayout::GetTrackCount	int GetTrackCount()	folded getter of +0x28 (med)
0x005d6540	CExoSoundInternal::SetListenerOrientation	void SetListenerOrientation(float * pFront, float * pUp)	(high)
0x005d6600	CExoSoundInternal::SetListenerPosition	void SetListenerPosition(float * pPosition)	(high)
0x005d66d0	CExoSoundInternal::SetEnvironment	void SetEnvironment(uint nRoomType)	EAX room type and master/3D room levels (med)
0x005d6d30	CExoSoundInternal::ShutDown		releases sample handles, closes the 3D provider, AIL_quick_shutdown (high)
0x005d71c0	CExoSoundInternal::Start3DSample		configures a Miles 3D sample (file, loop, distances, rate, room effects) for a source and resumes it (med)
0x005d7480	CExoSoundInternal::Start2DSample		configures a Miles 2D sample (file, loop, rate, position) for a source and resumes it (med)
0x005d8560	CExoSoundInternal::SetSoundMode	void SetSoundMode(int nMode)	(med)
0x005d86e0	CExoSoundInternal::CExoSoundInternal		(high)
0x005d9590	CExoSoundInternal::Update		per frame: fades, stream volumes, finished sources, listener (med)
0x005da6d0	CExoSoundInternal::Choose3DProvider		enumerates Miles 3D providers filtered by "3D Provider Filter" and opens one (med)
0x005da8a0	CExoSoundInternal::Initialize	int Initialize(int n2DVoices, int n3DVoices, int nProvider, int bHardware)	AIL_quick_startup at 44.1 kHz/16-bit/stereo with redist dir "Miles", picks a 3D provider, allocates 2D and 3D sample handles; also re-initialises (high)
0x005db0e0	CExoSoundSourceInternal::GetIsPlaying		(high)
0x005db150	CExoSoundSourceInternal::Stop		(med)
0x005db4d0	CExoSoundSourceInternal::Play	int Play(int nOffset, int bArg)	sets up the 2D or 3D Miles sample from the WAV data and starts it (med)
0x005db800	CExoSoundSourceInternal::SetVolume	void SetVolume(int nVolume, float fPan)	(med)
0x005dbbe0	CExoStreamingSoundSourceInternal::CExoStreamingSoundSourceInternal		(med)
0x005dbca0	CExoStreamingSoundSourceInternal::Close		AIL_close_stream (high)
0x005dbd30	CExoStreamingSoundSourceInternal::Open		AIL_open_stream on a .wav or .mp3 file (offset-in-file form for packed data) (med)
0x005dc3c0	CExoStreamingSoundSourceInternal::Stop		(med)
0x005dca30	CExoStreamingSoundSourceInternal::Play	int Play(void * sResRef, int nType, int nArg1, int nArg2)	builds the path under HD0:STREAMMUSIC, STREAMWAVES or STREAMSOUNDS, opens and starts the stream (high)
0x005dce30	CERFFile::SetFileType	void SetFileType(char * p8)	copies the 8-byte signature and version, e.g. "MOD V1.0" (med)
0x005dce50	CERFFile::ReadHeader	int ReadHeader(void * sPath)	reads the 0xA0 header of a .sav (med)
0x005dcfc0	CERFFile::Create	int Create(void * sPath)	opens <path>.sav "wb" (med)
0x005dd080	CERFFile::WriteHeader	int WriteHeader()	stamps year and day of year, writes the 0xA0 header (med)
0x005dd0e0	CERFFile::Finish	int Finish()	flushes and closes (med)
0x005dd120	CERFFile::WriteKey	int WriteKey(void * pFile)	24-byte key: resref, id, type, unused (med)
0x005dd2b0	CERFFile::ReadLocString	int ReadLocString(void * pFile)	language id, length, text (med)
0x005dd3c0	CERFFile::ReadLists	int ReadLists(void * sPath)	reads localized strings, keys and resource offsets (med)
0x005dd5a0	CERFFile::WriteStringList	int WriteStringList()	(med)
0x005dd710	CERFFile::ExtractAll	void ExtractAll(void * sPath, void * sDir, int nUnused, void * pProgress, int nArg1, int nArg2)	writes every entry of an ERF out to a directory (med)
0x005dd9c0	CERFFile::CERFFile		ERF writer/reader used for SAVEGAME.sav: string, key and resource lists (med)
0x005dda50	CERFFile::SetNumEntries	int SetNumEntries(int nCount)	reserves the key list and the resource list (filled with 0xBAADF00D) (med)
0x005ddbc0	CERFFile::AddFile	int AddFile(void * sPath)	adds a disk file as the next entry (med)
0x005ddf30	CERFFile::AddResource	int AddResource(char * pResRef, int nType, void * pRes, int bIsGFF)	adds a CRes, or a CResGFF written straight into the archive (med)
0x005de1a0	CERFFile::AddDirectory	void AddDirectory(void * sDir, int nUnused, void * pProgress, int nArg1, int nArg2)	adds every file of a directory (GAMEINPROGRESS: into SAVEGAME.sav) (med)
0x005de2c0	CERFFile::Reset	int Reset()	(med)
0x005de3a0	CERFFile::~CERFFile		(med)
0x005de450	CLayout::UnloadLayout	void UnloadLayout()	releases the LYT resource (high)
0x005de470	CLayout::GetRoomName	void GetRoomName(void * pResRef, int nIndex)	(high)
0x005de4a0	CLayout::GetRoomPosition	void GetRoomPosition(float * pOut, int nIndex)	(high)
0x005de4d0	CLayout::GetTrackName	void GetTrackName(void * pResRef, int nIndex)	(high)
0x005de500	CLayout::GetTrackPosition	void GetTrackPosition(float * pOut, int nIndex)	(high)
0x005de530	CLayout::GetObstacleName	void GetObstacleName(void * pResRef, int nIndex)	(high)
0x005de560	CLayout::GetObstaclePosition	void GetObstaclePosition(float * pOut, int nIndex)	(high)
0x005de5f0	CLayout::SetResRef	void SetResRef(void * pResRef, int bDemand)	CResHelper for lyt (3000), using CResLYT (high)
0x005de770	CLayout::CLayout		CResHelper for lyt (3000) plus the room, track, obstacle and door-hook arrays (high)
0x005de900	CLayout::ParseLayout	int ParseLayout(char * pResRef)	text LYT: beginlayout, roomcount (name x y z), trackcount, obstaclecount, doorhookcount, donelayout (high)
0x005df140	CLayout::LoadLayout	int LoadLayout(void * pResRef)	resref to string, then ParseLayout (high)
0x005df1b0	CResWAV::CResWAV		type 4 (high)
0x005df230	CResWAV::Decompress		vtable 0x0074d398 slot 4: AIL_WAV_info, then ADPCM or ASI (MP3) decode into PCM; class name descriptive (low)
0x005df3a0	CResLYT::CResLYT		type 3000 (high)
0x005df3f0	CExoInput::CExoInput		vtable 0x0074d5ec, owns a 0x3b0 CExoInputInternal built on (g_hInstance, g_hRenderWindow) (high)
0x005df460	CExoInput::AddEvent	int AddEvent(int nEvent, int nType, int nDevice, int nKey, int nModifierKey)	registers an input event and its default binding; used by SetupKeymapping (med)
0x005df470	CExoInput::EnableEventForClass	int EnableEventForClass(int nEvent, int nInputClass)	adds an event to one of the six input classes (ICPC, ICMiniGame, ICPCGUI, ICDialog, ICFreeLook, ICMovie) (med)
0x005df480	CExoInput::SetEventScale	int SetEventScale(int nEvent, float fScale, float fScaleMag)	axis scaling for analogue events (low)
0x005df490	CExoInput::SetEventRepeat	int SetEventRepeat(int nEvent, int nRepeatWait, int nRepeatRate)	key-repeat parameters (low)
0x005df510	CExoInput::GetAcquired		returns the device wrapper's acquired flag; mouse messages are ignored when 0 (med)
0x005df540	CExoInput::SetAcquired	void SetAcquired(int bAcquire)	acquires/unacquires the DirectInput devices (med)
0x005df590	CExoInput::HandleWindowMessage	int HandleWindowMessage(void * pMsg)	MainWndProc passes mouse messages (y already flipped to bottom-up) here (med)
0x005df5a0	CExoInput::SetHardwareCursorHidden	void SetHardwareCursorHidden(int bHidden)	switches between the Windows cursor and the software cursor (med)
0x005df5d0	CExoInput::SetMousePosition	void SetMousePosition(int x, int y)	warps the OS cursor (bottom-up y) and updates the mouse axes (med)
0x005df600	CExoInput::ClearEvents		empties all event tables before keymapping is rebuilt (med)
0x005df620	CExoInput::UpdateMouse		polls DirectInput mouse state and turns it into -1..1 axis deltas (med)
0x005df6b0	CExoInput::GetEvents	void * GetEvents(void * pEvents, int * pCount, int nInputClass)	forwards to CExoInputInternal::GetEvents (high)
0x005e0e20	CExoInputInternal::AddEvent		(med)
0x005e0fa0	CExoInputInternal::EnableEventForClass		(med)
0x005e12a0	CExoInputInternal::HandleWindowMessage	int HandleWindowMessage(void * pMsg)	turns Win32 mouse button/move/wheel messages into input events (med)
0x005e1740	CExoInputInternal::SetHardwareCursorHidden		(med)
0x005e1880	CExoInputInternal::CExoInputInternal	CExoInputInternal * CExoInputInternal(void * hInstance, void * hWnd)	vtable 0x0074d624; six input-class tables, event lists, creates the DirectInput device wrapper at +0x140 ("Unnamed Input Class") (high)
0x005e24e0	CExoInputInternal::GetEvents		auto: named by its string at 0x0074d658
0x005e3ae0	CExoDirectInput::ReadKeyboardBuffer	int ReadKeyboardBuffer(void * pBuffer)	GetDeviceData of up to 256 buffered key events (med)
0x005e3c20	CExoDirectInput::SetAcquired	void SetAcquired(int bAcquire)	(high)
0x005e3dc0	CExoDirectInput::Release		unacquires and releases keyboard, mouse, joysticks and the DirectInput object (high)
0x005e3e80	CExoDirectInput::CExoDirectInput	CExoDirectInput * CExoDirectInput(void * hInstance, void * hWnd)	DirectInput8Create (version 0x800, fallback 0x300), keyboard device, non-exclusive foreground, 256-entry buffer; class name descriptive (high)
0x005e3fa0	CExoDirectInput::CreateMouse		creates the mouse device on g_hRenderWindow, non-exclusive background (high)
0x005e4050	CExoDirectInput::GetMouseState	int GetMouseState(void * pState)	GetDeviceState into a DIMOUSESTATE, re-acquires on loss (high)
0x005e5140	CExoString::AssignCStr	void * AssignCStr(char * p)	(high)
0x005e5200	CExoString::operator==	int Equals(void * pOther)	(med)
0x005e5290	CExoString::EqualsCStr	int EqualsCStr(char * p)	(med)
0x005e5390	CExoString::NotEqualsCStr	int NotEqualsCStr(char * p)	(med)
0x005e5600	CExoString::GetChar	int GetChar(int nIndex)	(med)
0x005e5630	CExoString::AsINT	int AsINT()	atol (high)
0x005e5650	CExoString::AsFLOAT	float AsFLOAT()	atof (high)
0x005e5670	CExoString::CStr	char * CStr()	never null; "" for an empty string (high)
0x005e5680	CExoString::Format	void Format(char * pFormat)	printf into the string, variadic (high)
0x005e5790	CExoString::GetLength	int GetLength()	(high)
0x005e58a0	CExoString::IsEmpty	int IsEmpty()	(high)
0x005e5a90	CExoString::CExoStringFromCStr	void * CExoStringFromCStr(char * p)	(high)
0x005e5b00	CExoString::CExoStringCopy	void * CExoStringCopy(void * pOther)	(high)
0x005e5b70	CExoString::CExoStringFromChars	void * CExoStringFromChars(char * p, int nLength)	(high)
0x005e5c20	CExoString::~CExoString		(high)
0x005e5c50	CExoString::operator=	void * Assign(void * pOther)	(high)
0x005e5d10	CExoString::operator+	void * Concat(void * pOut, void * pOther)	(high)
0x005e5f20	CExoString::Find	int Find(int c, int nStart)	index of a character, -1 if none (high)
0x005e6080	CExoString::LowerCase	void * LowerCase(void * pOut)	(med)
0x005e6170	CExoString::Right	void * Right(void * pOut, int nCount)	(high)
0x005e6270	CExoString::SubString	void * SubString(void * pOut, int nStart, int nCount)	(high)
0x005e6450	CExoString::CompareNoCase	int CompareNoCase(void * pOther)	true when equal ignoring ASCII case (high)
0x005e6500	CExoBase::CExoBase		creates the CExoIni, CExoTimers, CExoDebug and other exo service objects (high)
0x005e6640	CExoBase::GetDirectoryList	void GetDirectoryList(void * pList, void * sDir, int nType, int bDirectories, int nArg)	lists a directory's files or subdirectories (med)
0x005e6660	CExoBase::GetResourceExtension	void * GetResourceExtension(int nType)	forwards to the type table at CExoBase+0x14 (high)
0x005e6670	CExoBase::GetResTypeFromExtension	int GetResTypeFromExtension(void * sExt)	forwards to the type table (high)
0x005e6680	CExoBase::ReadAliases	void ReadAliases(void * sIniFile)	reads the [Alias] section of swkotor.ini (HD0, CD0, OVERRIDE, MODULES, LIPS, RIMS ...) (med)
0x005e66a0	CExoBase::~CExoBase		(high)
0x005e6750	CExoIni::CExoIni		wrapper owning a 0xc CExoIniInternal (high)
0x005e67c0	CExoIni::ReadIniEntry	int ReadIniEntry(void * sValue, void * sFile, void * sSection, void * sKey)	(high)
0x005e67d0	CExoIni::WriteIniEntry	int WriteIniEntry(void * sValue, void * sFile, void * sSection, void * sKey)	(high)
0x005e67e0	CExoIni::~CExoIni		(high)
0x005e6890	CExoAliasList::GetAliasPath	void * GetAliasPath(void * sName, int nAliasLength)	directory string of the alias that prefixes sName (med)
0x005e68a0	CExoAliasList::ResolveFileName	void * ResolveFileName(void * sOut, void * sAliasPath, int nType)	"ALIAS:name" + type to "<alias dir>name.<ext>" ("" if the alias is unknown) (med)
0x005e68d0	CExoFile::CExoFile		opens an alias path with the type's extension (high)
0x005e6950	CExoFile::GetSize	int GetSize()	(high)
0x005e6960	CExoFile::Read	int Read(void * pBuffer, int nSize, int nCount)	(high)
0x005e6980	CExoFile::ReadAsync	void ReadAsync(void * pBuffer, int nSize, int nCount)	(med)
0x005e6990	CExoFile::ReadAsyncComplete	int ReadAsyncComplete()	(med)
0x005e69a0	CExoFile::Write	int Write(void * pBuffer, int nSize, int nCount)	(high)
0x005e69e0	CExoFile::~CExoFile		(high)
0x005e6a10	CExoFile::IsOpened	int IsOpened()	(high)
0x005e6aa0	CExoFile::Seek	int Seek(int nOffset, int nOrigin)	(high)
0x005e6ad0	CExoFile::SeekBeginning	int SeekBeginning()	(high)
0x005e6d20	CExoResTypes::InitResourceTypes	void InitResourceTypes()	fills 88 (id, extension) pairs; the last is 0xFFFF / "" (high)
0x005e7a00	CExoResTypes::GetResourceExtension	void * GetResourceExtension(int nType)	linear search by id; unknown ids give the last ("") entry (high)
0x005e7a40	CExoResTypes::GetResTypeFromExtension	int GetResTypeFromExtension(void * sExt)	case-insensitive linear search; unknown gives 0xFFFF (high)
0x005e8ba0	CExoResTypes::CExoResTypes		the 0xC-byte type table at CExoBase+0x14: count, id array, extension array (med)
0x005e9260	CExoTimers::GetHighResolutionTimer		microseconds since start (QueryPerformanceCounter, or GetTickCount*1000) (high)
0x005e9290	CExoCriticalSection::CExoCriticalSection		(med)
0x005e9300	CExoCriticalSection::EnterCriticalSection		(med)
0x005e9310	CExoCriticalSection::ExitCriticalSection		(med)
0x005e9400	CExoDebug::Warning	void Warning(int nLine, char * pFile, char * pMessage)	logs a line/file tagged message when logging is enabled (med)
0x005e9ad0	CExoLinkedListInternal::AddBefore		auto: named by its string at 0x0074e224
0x005e9b60	CExoLinkedListInternal::GetAtPos		auto: named by its string at 0x0074e264
0x005e9b90	CExoLinkedListInternal::GetNext		auto: named by its string at 0x0074e2a4
0x005e9bd0	CExoLinkedListInternal::GetPreviousg		auto: named by its string at 0x0074e2e0
0x005e9c10	CExoLinkedListInternal::Remove		auto: named by its string at 0x0074e324
0x005e9c80	CExoLinkedListInternal::RemoveHead		auto: named by its string at 0x0074e360
0x005e9ce0	CExoLinkedListInternal::RemoveTail		auto: named by its string at 0x0074e3a0
0x005e9d70	CExoLinkedListInternal::AddHead	void AddHead(void * pData)	new node becomes the head; the resman table lists therefore run newest first (high)
0x005e9dc0	CExoLinkedListInternal::AddTail	void AddTail(void * pData)	(high)
0x005e9e10	CExoLocString::CExoLocString		empty, strref -1 (high)
0x005e9e70	CExoLocString::operator=	void * Assign(void * pOther)	(high)
0x005e9ea0	CExoLocString::ClearStrings	void ClearStrings()	(med)
0x005e9eb0	CExoLocString::GetStringByIndex	int GetStringByIndex(int nIndex, void * pLanguage, void * sOut, char * pGender)	n-th embedded string, id split into language and gender (high)
0x005e9ef0	CExoLocString::GetStringCount	int GetStringCount()	(high)
0x005e9f00	CExoLocString::GetStringLength	int GetStringLength(int nIndex)	(med)
0x005e9f10	CExoLocString::operator==	int Equals(void * pOther)	(med)
0x005e9f80	CExoLocString::CExoLocStringCopy	void * CExoLocStringCopy(void * pOther)	copy constructor (high)
0x005ea000	CExoLocString::~CExoLocString		(high)
0x005ea030	CExoLocString::operator!=	int NotEquals(void * pOther)	(med)
0x005ea050	CExoLocString::GetStringNoCache	int GetStringNoCache(int nLanguage, void * sOut, int nGender)	the same without caching the TLK text (med)
0x005ea130	CExoLocString::GetString	int GetString(int nLanguage, void * sOut, int nGender)	embedded string for language*2+gender (gender ignored for language 0), else the TLK text of the strref, cached (high)
0x005ea240	CExoLocString::GetEmbeddedString	int GetEmbeddedString(int nLanguage, void * sOut, int nGender)	embedded strings only (med)
0x005ea270	CExoLocString::GetDisplayTime	float GetDisplayTime(int nLanguage, int nGender)	1 s + 0.11 s per character, 0 if empty (low)
0x005ea340	CExoLocString::AddString	int AddString(int nLanguage, void * sValue, int nGender)	(high)
0x005eb6b0	CExoAliasListInternal::ResolveFileName	void * ResolveFileName(void * sOut, void * sAliasPath, int nType)	body of the above (med)
0x005ed300	CClientExoApp::PlayLegalMovies		(med)
0x005ed420	CClientExoApp::ShowMainMenu		(med)
0x005ed690	CClientExoApp::GetInGameGui		returns CClientExoAppInternal+0x40 (0xc24 object) (med)
0x005ed700	CClientExoApp::GetClientOptions		returns CClientExoAppInternal+4, the options block (volumes, mouse, flags) (med)
0x005ed7b0	CClientExoApp::PostInitialize		(med)
0x005ed7d0	CClientExoApp::MainLoop		forwards to CClientExoAppInternal::MainLoop; result ORed into g_bQuit (high)
0x005ed810	CClientExoApp::ShutDownClient		(med)
0x005ed860	CClientExoApp::Initialize	int Initialize(int bArg, void * sArg1, void * sArg2)	forwards to CClientExoAppInternal::Initialize (high)
0x005ed880	CClientExoApp::ShutDown		(med)
0x005eda00	CClientExoApp::OnWindowClose		(med)
0x005eda10	CClientExoApp::SetActive	void SetActive(int bActive, int bArg)	(med)
0x005eda40	CClientExoApp::GetGuiManager	CSWGuiManager * GetGuiManager()	returns internal+0x274 (high)
0x005edb40	CClientExoApp::IsMoviePlaying		main loop skips glClear/render/SwapBuffers while true (high)
0x005ee1f0	CClientExoApp::CheckMovieFinished		(med)
0x005ee2f0	CClientExoApp::CClientExoApp		vtable 0x0074e6d8, owns a 0x4d4 CClientExoAppInternal at +4 (high)
0x005ee360	CClientExoApp::~CClientExoApp		(high)
0x005ee860	CClientExoAppInternal::UpdateAreaSoundEnvironment		sets EAX room/volume from the area under the listener (low)
0x005eeb10	CClientExoAppInternal::SetupKeymapping		registers every input event with CExoInput: built-in bindings, then keymap rows per input class (ICPC, ICMiniGame, ICPCGUI, ICDialog, ICFreeLook, ICMovie) and the [Keymapping] ini overrides (med)
0x005f0ce0	CClientExoAppInternal::ReadDisplaySettings	int ReadDisplaySettings(int * pWidth, int * pHeight, char * pBpp, int * pRefresh)	reads Graphics Options Width/Height/RefreshRate/AllowHighMonitorFrequency (med)
0x005f1f70	CClientExoAppInternal::InitializeSound		reads Sound Options (Sound Init crash guard, Number 2D/3D Voices, EAX, Force Software, Environment Effects, 2D3D Bias), creates g_pExoSound, writes them back (high)
0x005f2bd0	CClientExoAppInternal::IsMoviePlaying		(high)
0x005f2bf0	CClientExoAppInternal::CreateMoviePlayer		creates the CExoMoviePlayer at +0x12c (med)
0x005f4db0	CClientExoAppInternal::CheckMovieFinished		after a movie ends, restores state flag 8 (low)
0x005f51c0	CClientExoAppInternal::PostInitialize		after Initialize: creates the load screen panel (CSWGuiLoadScreen 0x0067a710) at +0x278 and a 0xdc-byte global at 0x007a3a28, rebuilds the key mapping, pauses sound if a movie is running (med)
0x005f5370	CClientExoAppInternal::UpdateSoundListener		places the 3D listener at the camera/player and calls CExoSound::Update (med)
0x005f5ab0	CClientExoAppInternal::SetDisplayMode	void SetDisplayMode(int bFallback, int bFullscreen)	picks a display mode from Width/Height/RefreshRate (800x600x32 fallback) and applies it (med)
0x005f6960	CClientExoAppInternal::OnWindowClose		WM_CLOSE: pauses the game and opens the in-game quit/options panel instead of exiting (low)
0x005f6b10	CClientExoAppInternal::SetActive	void SetActive(int bActive, int bArg)	acquires/releases CExoInput on focus changes (med)
0x005f7190	CClientExoAppInternal::DestroyMoviePlayer		skips and waits for the movie thread, then deletes it (med)
0x005f8470	CClientExoAppInternal::ShutDownClient		first shutdown step after the server is gone (low)
0x005f8550	CClientExoAppInternal::Initialize	int Initialize(int bArg, void * sArg1, void * sArg2)	creates world timers, resman (directories, chitin key, RIMS), display device, net layer, sound, TLK, options, GUI manager, in-game GUI, movie player (high)
0x005fbfe0	CClientExoAppInternal::CClientExoAppInternal		0x4d4 bytes (high)
0x005fca30	CClientExoAppInternal::ShowMainMenu		creates the 0x1414 main menu panel at +0x280 and adds it to the GUI manager (med)
0x00602650	CClientExoAppInternal::PlayQueuedMovies		starts the queued movie list on the movie player, pausing timers and sound (med)
0x00602dc0	CClientExoAppInternal::PlayLegalMovies		queues leclogo, biologo and legal unless Disable Movies (high)
0x00602eb0	CClientExoAppInternal::MainLoop		one client frame: load-state handling, timers, resman update, input, net messages, area/sound/GUI updates, error-log flush; returns 1 to quit (high)
0x00604130	CClientExoAppInternal::ShutDown		undoes Initialize: removes resource directories (RIMS, OVERRIDE, SERVERVAULT, GLOBAL) and frees subsystems (med)
0x006048c0	CClientExoAppInternal::UpdateObjectsAndRender		per-frame: runs client object updates, then renders the 3D world through the current module (med)
0x00607610	CSWCArea::LoadArea	int LoadArea(void * pMessage)	client area from the server's area message: lighting, fog, grass, then LYT rooms (models with animloop1..3), per-room sounds, tracks, obstacles (med)
0x0061b380	CSWCCreature::LoadModel		auto: named by its string at 0x0074f85c
0x0061f880	CClientExoAppInternal::OnLeftMouseDown	void OnLeftMouseDown(uint bDoubleClick)	sets the pressed cursor and calls CSWGuiManager::HandleLeftMouseDown (med)
0x0061f940	CClientExoAppInternal::OnRightMouseDown	void OnRightMouseDown()	calls CSWGuiManager::HandleRightMouseDown (med)
0x0061f960	CClientExoAppInternal::OnRightMouseUp	void OnRightMouseUp()	calls CSWGuiManager::HandleRightMouseUp (med)
0x00620530	CClientExoAppInternal::OnLeftMouseUp	void OnLeftMouseUp()	restores the cursor, calls CSWGuiManager::HandleLeftMouseUp, else world click (med)
0x00621210	CClientExoAppInternal::HandleInputAction	int HandleInputAction(int nAction, uint nValue)	big switch over mapped actions (0x43 left mouse, screenshots KotOR%04i.tga, ...) (med)
0x006227e0	CClientExoAppInternal::ProcessInput	void ProcessInput()	per-frame: pulls mapped CExoInput events, routes game actions to HandleInputAction and GUI ones to CSWGuiManager::HandleInputEvent, then the cursor to HandleMouseMove (med)
0x00626df0	CSWGuiMessageBox::CSWGuiMessageBox	CSWGuiMessageBox * CSWGuiMessageBox(CSWGuiManager * pManager)	confirm.gui: LB_MESSAGE, BTN_OK, BTN_CANCEL (med)
0x006277c0	CSWGuiToolTip::CSWGuiToolTip	CSWGuiToolTip * CSWGuiToolTip(CSWGuiManager * pManager)	tooltip panel owned by the manager (+0x3c), tooltipWxH by resolution (med)
0x0062f5f0	CGuiInGame::RecreateResolutionPanels	void RecreateResolutionPanels()	after a resolution change rebuilds HUD, dialog and confirm and re-centres others (med)
0x0062fed0	CGuiInGame::CGuiInGame	CGuiInGame * CGuiInGame()	0xc24-byte owner of the in-game panels at CClientExoAppInternal+0x40; name is ours, after NWN (med)
0x00632860	CGuiInGame::CreatePanels	int CreatePanels()	allocates every in-game panel with loading-bar updates (high)
0x00644650	CSWCModule::Render	void Render(float)	per-frame: updates the client area, then, unless a fullscreen GUI hides it, calls the main camera's Render (slot 2) (med)
0x00644760	CRes::GetSize	int GetSize()	folded getter of +0x18 (med)
0x0064bab0	CSWCMessage::HandleServerToPlayerAreaLoad	int HandleServerToPlayerAreaLoad(int nSubtype)	shows the load screen (loadscreens.2da BMPResRef), then CSWCArea::LoadArea and places the player (low)
0x00673a40	FireGunCallback		named by its log strings; minigame gun firing, looks up bullethook%d parts (med)
0x006789a0	CResHelperSSF::SetResRef	void SetResRef(void * pResRef, int bDemand)	ssf (2060) (med)
0x0067a710	CSWGuiLoadScreen::CSWGuiLoadScreen	CSWGuiLoadScreen * CSWGuiLoadScreen(CSWGuiManager * pManager)	loadscreen.gui: LBL_LOADING, LBL_LOGO, LBL_HINT, PB_PROGRESS (high)
0x0067ace0	CSWGuiMainMenu::InitPanel	void InitPanel()	loads mainmenu.gui and binds LB_MODULES, BTN_NEWGAME, BTN_LOADGAME, BTN_MOVIES, BTN_OPTIONS, BTN_EXIT, BTN_WARP, LBL_3DVIEW and labels (high)
0x0067afb0	CSWGuiMainMenu::OnNewGame	void OnNewGame()	BTN_NEWGAME callback (med)
0x0067b1a0	CSWGuiMainMenu::OnLoadGame	void OnLoadGame()	opens the saveload panel (med)
0x0067b250	CSWGuiMainMenu::OnMovies	void OnMovies()	opens the titlemovie panel (med)
0x0067b2f0	CSWGuiMainMenu::OnOptions	void OnOptions()	opens the optionsmain panel (med)
0x0067b4a0	CSWGuiMainMenu::OnExit	void OnExit()	requests application exit (med)
0x0067c4c0	CSWGuiMainMenu::CSWGuiMainMenu	CSWGuiMainMenu * CSWGuiMainMenu(CSWGuiManager * pManager)	builds the controls, loads mainmenu.gui, wires button callbacks (events 0x27/0x2d activate, 0/1 hilight) (high)
0x00686ba0	CSWGuiMainInterface::Update	void Update(float fDeltaTime)	HUD per-frame update (med)
0x0068b4a0	CSWGuiMainInterface::Render	void Render(float fDeltaTime)	HUD draw override (med)
0x0068c100	CSWGuiMainInterface::CSWGuiMainInterface	CSWGuiMainInterface * CSWGuiMainInterface(CSWGuiManager * pManager)	0xc8cc bytes; picks mipc28x6/mipc210x7/mipc212x9/mipc212x10/mipc216x12 by resolution; BTN_MSG..BTN_EQU, minimap, action queue, combat bars (high)
0x006903d0	CSWCVisualEffect::LoadModel		auto: named by its string at 0x007543c0
0x00697ce0	CSWCCreatureAppearance::CreateBTypeBody		auto: named by its string at 0x00754a50
0x0069e1f0	CSWCAnimBase::LoadModel		auto: named by its string at 0x00755058
0x006a85b0	CSWGuiDialog::CSWGuiDialog	CSWGuiDialog * CSWGuiDialog(CSWGuiManager * pManager)	base conversation panel; derived for dialog, computer, computercamera (med)
0x006a8b40	CSWGuiDialogLetterbox::CSWGuiDialogLetterbox	CSWGuiDialogLetterbox * CSWGuiDialogLetterbox(CSWGuiManager * pManager)	0x1e00 bytes; dialog.gui with LB_REPLIES and LBL_MESSAGE (high)
0x006a8eb0	CSWGuiDialogComputer::CSWGuiDialogComputer	CSWGuiDialogComputer * CSWGuiDialogComputer(CSWGuiManager * pManager)	computer.gui: LB_MESSAGE, LB_REPLIES, spike and repair-unit counters (high)
0x006db650	CResSSF::CResSSF		type 2060 (high)
0x006e59c0	CSWCAnimBaseDoor::GetAnimationName		auto: named by its string at 0x00758b20
0x006fb8de	_purecall		CRT: reports R6025 (pure virtual call) and exits; the slot filler of abstract vtables (high)
0x0070c170	CExoMoviePlayer::CExoMoviePlayer		owns a 0xa0 CExoMoviePlayerInternal (high)
0x0070c1e0	CExoMoviePlayer::Skip	void Skip(int bSkipAll, int bForce)	(med)
0x0070c1f0	CExoMoviePlayer::IsPlaying		(high)
0x0070c200	CExoMoviePlayer::PlayMoviesAsync	void PlayMoviesAsync(void * pMovieList, int nArg, void * pSkippable)	(high)
0x0070c210	CExoMoviePlayer::ShowBackdropPanel		puts a blank GUI panel up behind the movie window (low)
0x0070c220	CExoMoviePlayer::HideBackdropPanel		(low)
0x0070c250	CExoMoviePlayer::~CExoMoviePlayer		(high)
0x0070c350	CResHelperLIP::SetResRef	void SetResRef(void * pResRef, int bDemand)	lip (3004) (med)
0x0070c690	CResLIP::CResLIP		type 3004 (high)
0x0070c790	Render_LoadTGAResource		image callback reading a TGA through the resource system, returns width, height, bytes per pixel (med)
0x0070d9c0	Render_InstallResourceCallbacks		swaps the renderer's file-based image/model loader callbacks for resource-manager ones and sets texture quality (high)
0x0070dbf0	CResHelperPLT::SetResRef	void SetResRef(void * pResRef, int bDemand)	plt (6) (med)
0x0070ee30	CResHelperTGA::SetResRef	void SetResRef(void * pResRef, int bDemand)	tga (3) (med)
0x0070f0f0	CResHelperVIS::SetResRef	void SetResRef(void * pResRef, int bDemand)	vis (3001) (med)
0x0070f800	CResHelperTPC::SetResRef	void SetResRef(void * pResRef, int bDemand)	tpc (3007) (med)
0x0070fb90	CResHelperTXI::SetResRef	void SetResRef(void * pResRef, int bDemand)	txi (2022) (med)
0x0070fe60	CResHelperMDX::SetResRef	void SetResRef(void * pResRef, int bDemand)	mdx (3008) (med)
0x00710180	CResHelperMDL::SetResRef	void SetResRef(void * pResRef, int bDemand)	CResHelper template instance for mdl (2002): reuse or create the CRes, optionally demand (med)
0x00710530	CResHelperDDS::SetResRef	void SetResRef(void * pResRef, int bDemand)	dds (2033) (med)
0x00710910	CResHelper4PC::SetResRef	void SetResRef(void * pResRef, int bDemand)	4pc (2059) (med)
0x00710b50	CResPLT::CResPLT		type 6 (high)
0x00710d50	CResVIS::CResVIS		type 3001 (high)
0x00710db0	CResTXI::CResTXI		type 2022 (high)
0x00710e10	CResMDX::CResMDX		type 3008 (high)
0x00710e50	CRes2DA::Get2DASize	int Get2DASize()	folded getter of +0x2c (data size; also the layout's obstacle count) (med)
0x00710e60	CResLYT::OnResourceFreed	int OnResourceFreed()	folded body: clears +0x28..+0x30 (med)
0x00710ea0	CResDDS::CResDDS		type 2033 (high)
0x00710f90	CRes4PC::CRes4PC		type 2059 (med)
0x00711110	CResHelperLTR::SetResRef	void SetResRef(void * pResRef, int bDemand)	ltr (2036) (med)
0x007121b0	CResLTR::CResLTR		type 2036 (high)
0x007129a0	CResTGA::CResTGA		type 3 (high)
0x00712ea0	CResTPC::CResTPC		type 3007 (high)
0x0073d86c	CRes::vftable		5 slots: dtor, GetFixedResourceSize, GetFixedResourceDataOffset, OnResourceFreed, OnResourceServiced (high)
0x0073df20	CSWGuiObject::vftable		common base of panels and controls: slot 1 SetExtent; name is ours (low)
0x0073e010	CSWGuiPanel::vftable		27 slots: 1 SetExtent, 2 SetActiveControl, 13 Render, 14 Update, 15 HandleInputEvent, 16 HitTest, 17 GetActiveControl, 18 OnPanelAdded, 19 OnPanelRemoved, 26 OnResize (med)
0x0073e128	CExoBaseResFile::vftable		17 slots, mostly pure (med)
0x0073e1b0	CExoResFile::vftable		BIF file (high)
0x0073e1f8	CExoEncapsulatedFile::vftable		ERF/MOD/SAV file (high)
0x0073e240	CExoResourceImageFile::vftable		RIM file; 18 slots, the last 7 at 0x0073e26c (high)
0x0073e2d0	CResGFF::vftable		(high)
0x0073e2f8	C2DA::vftable		(high)
0x0073e338	CSWGuiBorder::vftable		border/background drawable of panels and controls (high)
0x0073e390	CSWGuiImage::vftable		image drawable used for scroll-bar and slider THUMB and arrow parts; name is ours (med)
0x0073e3a4	CSWGuiText::vftable		text drawable (high)
0x0073e3f0	CSWGui3DScene::vftable		model/camera scene drawn inside a control (main-menu 3D view, cursor); name is ours (low)
0x0073e488	CSWGuiControl::vftable		38 slots: 4 OnMouseDrag, 6/7 left down/up, 9 right up, 14 Render, 15 HandleInputEvent, 17 HitTest, 18 LoadFromGFF, 31 SetFocus, 32 IsSelectable, 33 right down, 36 GetTooltipText (med)
0x0073e520	CSWGuiSelectable::vftable		intermediate class adding MOVETO keyboard navigation and flag 4; base of button, slider, list box, edit box; name is ours (low)
0x0073e5b8	CSWGuiLabel::vftable		CONTROLTYPE 4 (high)
0x0073e658	CSWGuiButton::vftable		CONTROLTYPE 6 (high)
0x0073e6f8	CSWGuiScrollBar::vftable		CONTROLTYPE 9 (high)
0x0073e7a0	CSWGuiProgressBar::vftable		CONTROLTYPE 10 (high)
0x0073e840	CSWGuiListBox::vftable		CONTROLTYPE 11 (high)
0x0073e8e8	CSWGuiProtoItem::vftable		CONTROLTYPE 5, list-box row template: a label with HILIGHT (med)
0x0073e9d0	CSWGuiSlider::vftable		CONTROLTYPE 8 (high)
0x0073eac8	CSWGuiEditBox::vftable		text-entry control (save name, character name); name is ours (med)
0x0073eb88	CSWGuiCheckBox::vftable		CONTROLTYPE 7, derives from the button (high)
0x0073ec9c	CRes2DA::vftable		(high)
0x0073ecdc	CTlkTable::vftable		slot 0 resolves a named <token>: empty in the base, overridden by the client table's vtable 0x0074e700 (med)
0x0073f0a8	CAurTextureBase::vftable		base texture vtable (med)
0x0073f160	CAurTexture::vftable		named texture vtable (46 slots, slot 43 upload) (med)
0x00740ae8	CAurPart::vftable		base part vtable (med)
0x00740b68	CAurPartTriMesh::vftable		trimesh part vtable (slot 23 Render, 24 ApplyMaterial) (med)
0x00740ce0	CAurPartLightsaber::vftable		lightsaber part vtable (med)
0x00740d78	CAurPartAABB::vftable		walkmesh (AABB) part vtable (med)
0x00740e10	CAurPartSkin::vftable		skinned mesh part vtable (med)
0x00740fb0	CAurPartAnimMesh::vftable		animated-UV mesh part vtable (med)
0x00741048	CAurPartDanglyMesh::vftable		dangly mesh part vtable (med)
0x007414f0	CAurDisplay::vftable		abstract display interface vtable, all slots pure virtual (med)
0x00741518	CAurGLDisplay::vftable		vtable of the OpenGL display/window object (12 slots: dtor, IsFullscreen, CreateContext, FindBestDisplayMode, CreateContextBasic, SetViewportSize, RestoreDesktop, ReapplyDisplayMode, DestroyContext, SetGamma, GetGLContext, wglMakeCurrent thunk) (high)
0x00741708	CAurScene::vftable		scene vtable, 75 slots (high)
0x00741b20	CAurCamera::vftable		camera vtable (slot 2 Render) (med)
0x00744184	CServerExoApp::vftable		(high)
0x007450e4	CSWVirtualMachineCommands::vftable		vtable of the engine-routine command implementer; slot 1 InitializeCommands, slot 2 RunCommand
0x007457a0	CGameObject::vftable		28 slots: 0 scalar deleting dtor, 1-2 empty hooks, 3-27 the As* casts (client/server pairs; all return null here) (high)
0x00745810	CResIFO::vftable		CResGFF subclass with file type "IFO " (high)
0x007458f0	CSWSModule::vftable_for_CGameObject		CGameObject part of the module, type 3; slot 8 AsSWSModule returns this-0x1c (high)
0x00745960	CSWSModule::vftable		primary vtable (scalar deleting dtor only); CGameObject part at +0x1c (med)
0x00745f18	CSWSObject::vftable		56 slots: 28 of CGameObject (slot 4 AsSWSObject) + 28 of its own (AIUpdate, ClearAction, EventHandler, SetAnimation, names, hit points ...); slots 28/30 are _purecall here (high)
0x007470c8	CSWSCreature::vftable		57 slots, type 5; ctor 0x004f7a10, dtor 0x004f8410 (high)
0x0074745c	CResARE::vftable		CResGFF subclass with file type "ARE " (high)
0x00747b88	CSWSArea::vftable_for_CGameObject		CGameObject part of the area, type 4; slot 10 AsSWSArea returns this-0x11c (high)
0x00747bfc	CSWSArea::vftable		primary vtable of the area (7 slots); the CGameObject part is at +0x11c (med)
0x00748cc0	CSWSItem::vftable_for_CSWSObject		vtable of the CSWSObject part at item+0x10, type 6; AsSWSItem returns this-0x10 (high)
0x00748da0	CSWItem::vftable		primary vtable of CSWSItem (one slot, scalar deleting dtor); the CSWSObject part sits at +0x10 (med)
0x007494d0	CSWSPlaceable::vftable		type 9; ctor 0x005877e0, dtor 0x005854b0 (high)
0x007498b0	CSWSDoor::vftable		type 10; ctor 0x00589ee0, dtor 0x0058b550 (high)
0x00749a38	CSWSTrigger::vftable		type 7; ctor 0x0058eae0, dtor 0x0058eef0 (high)
0x00749d98	CSWSEncounter::vftable		type 13; ctor 0x00593c70, dtor 0x00593380 (high)
0x00749ea8	CSWSAreaOfEffectObject::vftable		type 11; ctor 0x00594480, dtor 0x005963d0 (high)
0x0074bdb8	CSWSStore::vftable		type 14; ctor 0x005c6ab0, dtor 0x005c6bf0 (high)
0x0074bf80	CSWSWaypoint::vftable		type 12; ctor 0x005c7e70, dtor 0x005c84e0 (high)
0x0074c0b8	CSWSSoundObject::vftable		type 16; ctor 0x005c8f30, dtor 0x005c8660 (high)
0x0074c404	CResMDL::vftable		(med)
0x0074c418	CResBWM::vftable		walkmesh (wok/dwk/pwk) (med)
0x0074c508	CResNCS::vftable		(high)
0x0074c608	CExoSoundSource::vftable		(high)
0x0074d398	CResWAV::vftable		6 slots (med)
0x0074d3b0	CResLYT::vftable		(high)
0x0074d5ec	CExoInput::vftable		(high)
0x0074d624	CExoInputInternal::vftable		(high)
0x0074e6d8	CClientExoApp::vftable		(high)
0x00752dc0	CSWGuiLoadScreen::vftable		loading screen panel (high)
0x00752f70	CSWGuiMainMenu::vftable		main menu panel (high)
0x00753f50	CSWGuiMainInterface::vftable		in-game HUD panel (med)
0x00755800	CSWGuiDialogLetterbox::vftable		dialog.gui conversation panel; name is ours (med)
0x007559e0	CSWGuiDialog::vftable		base of the conversation panels (med)
0x00758000	CResSSF::vftable		(med)
0x0075fb20	CResLIP::vftable		(high)
0x0075fb94	CResPLT::vftable		(med)
0x0075fba8	CResVIS::vftable		(high)
0x0075fbbc	CResTXI::vftable		(high)
0x0075fbd0	CResMDX::vftable		(high)
0x0075fbe4	CResDDS::vftable		(med)
0x0075fbf8	CRes4PC::vftable		(med)
0x0075fc34	CResLTR::vftable		(med)
0x0075fc48	CResTGA::vftable		(high)
0x0075fc5c	CResTPC::vftable		(high)
0x0078d1d4	g_nScreenWidth	int	default 800 (high)
0x0078d1d8	g_nScreenHeight	int	default 600; mouse y is flipped with it (high)
0x0078d1dc	g_nScreenRefreshRate	int	default 60 (med)
0x0078d1e0	g_nScreenBitsPerPixel	int	default 32 (med)
0x0078d3cc	g_pszGFFVersion	char *	points at "V3.2" (high)
0x0078d3ec	g_pszTLKVersion	char *	points at "V3.0" (40-byte entries; other versions 36) (high)
0x0078d404	g_pfnRenderLoadTGA	void *	renderer image callback 0: default reads "%s.tga" from disk, game sets 0x0070c790 (med)
0x0078d40c	g_pfnRenderLoadDDS	void *	renderer image callback 2: default reads "%s.dds", game sets 0x0070d380 (low)
0x0078d41c	g_pfnRenderLoadPLT	void *	renderer image callback 6: default reads "%s.plt", game sets 0x0070c6e0 (med)
0x0078e39c	g_pfnPumpMessages	void *	points to PumpWindowMessages; called by long-running loaders (med)
0x007a39b8	g_bQuit	int	main loop exit flag, set by WM_QUIT and by the client main loop result (high)
0x007a39c0	g_hInstance	void *	module instance handle (high)
0x007a39d4	g_hMainWindow	void *	outer application window (high)
0x007a39d8	g_hRenderWindow	void *	child "Render Window" the GL context lives on; SwapBuffers target (high)
0x007a39e0	g_pExoBase	void *	CExoBase: +0 CExoIni wrapper, +4 CExoTimers, +8 CExoDebug, +0xc..+0x14 other exo services (high)
0x007a39e4	g_pExoInput	CExoInput *	created by SetVideoMode after the render window exists (high)
0x007a39e8	g_pExoResMan	void *	resource manager created in CClientExoAppInternal::Initialize; directories and key tables are added to it there (high)
0x007a39ec	g_pExoSound	CExoSound *	created by CClientExoAppInternal::InitializeSound from the Sound Options section (high)
0x007a39f4	g_pGuiManager	CSWGuiManager *	the one GUI manager; set by its constructor, cleared by its destructor; read by every control (high)
0x007a39f8	g_pDisplay	CAurGLDisplay *	app-side pointer to the display singleton, set during client init (0x005f8550) and used by video-mode changes (0x00403800) (high)
0x007a39fc	g_pAppManager	CAppManager *	+0 scratch buffer, +4 CClientExoApp*, +8 CServerExoApp*, +0x14 module-transition block, +0x18 GetTickCount at start (high)
0x007a3a00	g_pVirtualMachine	CVirtualMachine *	the 4-byte CVirtualMachine facade; +0 points to the 0x3d8-byte CVirtualMachineInternal (high)
0x007a3a04	g_pScriptCompiler	void *	deleted at shutdown via 0x005d1120 but never created in this build; destructor layout looks like NWN's script compiler (low)
0x007a3a08	g_pTlkTable	CTlkTable *	the dialog.tlk table, created by client and server init (high)
0x007a3a28	g_pRules	void *	CSWRules: +0xa9 class count, +0xb0 race rows (0x34 bytes each, ability adjustments from +0x18), +0xb8 the loaded 2DA set (med)
0x007a3a2c	g_nPendingVideoModeChange	int	when non-zero the main loop calls SetVideoMode (2 = fullscreen) (med)
0x007a3a40	g_bCheatConsoleOpen	int	cheat console visible; its line buffer is at 0x007a3a4c (med)
0x007a3c64	g_fFrameRateCap	float	when > 0 the main loop busy-waits until 1000/cap ms have elapsed; set by the server (med)
0x007a3c7c	g_fClientFrameMs	float	milliseconds spent in the client main loop this frame (med)
0x007a3c80	g_fServerFrameMs	float	milliseconds spent in the server main loop this frame (med)
0x007a3d78	g_aKeyTableCRC32		CRC-32 (0xEDB88320) table used by CExoKeyTable::Hash (high)
0x007a4178	g_aCRC32Table		second CRC-32 table (same polynomial), used by ComputeCRC32 (high)
0x007a4770	g_apAurPendingTextures	void *	textures waiting to be loaded/uploaded (med)
0x007a4798	g_apAurTextures	void *	resident textures searched by name (med)
0x007a47e0	g_pfnSetupTextureShader	void *	texture-combiner setup hook: ATI or NV implementation (med)
0x007a47e4	g_hMainDC	void *	main window DC used with g_hMainGLRC (med)
0x007a683c	g_anBoundTexture	int	per-unit bound-texture cache, 6 entries (med)
0x007a6854	g_hMainGLRC	void *	main OpenGL context, restored after pbuffer passes (med)
0x007a685c	g_nAnisotropy	int	max anisotropy applied to every bound texture (med)
0x007a6898	g_nActiveTextureUnit	int	current texture unit for the cache (high)
0x007a68a4	g_pAurVertexBufferManager	void *	vertex buffer manager; VBO variant or plain-array variant chosen at extension load (med)
0x007b9218	g_nAurGLDisplayRefs	int	reference count of the GL display singleton (high)
0x007b921c	g_pAurGLDisplay	CAurGLDisplay *	the GL display singleton (high)
0x007b92a0	g_pAurCurrentScene	CAurScene *	scene being rendered, set inside CAurScene::Render (med)
0x007b9398	g_apAurScenes	void *	array of live scenes (high)
0x007b939c	g_nAurScenes	int	count of live scenes (high)
0x007bb4e8	g_pAurCurrentCamera	CAurCamera *	camera being rendered, set inside CAurCamera::Render (med)
0x007bb530	g_wglCreatePbufferARB	void *	wglCreatePbufferARB entry point (high)
0x007bb538	g_wglSwapIntervalEXT	void *	wglSwapIntervalEXT entry point (high)
0x007bb544	g_glBufferDataARB	void *	glBufferDataARB entry point (high)
0x007bb580	g_glProgramStringARB	void *	glProgramStringARB entry point (high)
0x007bb5b4	g_glGenBuffersARB	void *	glGenBuffersARB entry point (high)
0x007bb634	g_glMapBufferARB	void *	glMapBufferARB entry point (high)
0x007bb6b0	g_glClientActiveTextureARB	void *	glClientActiveTextureARB entry point (high)
0x007bb6b8	g_wglGetPbufferDCARB	void *	wglGetPbufferDCARB entry point (high)
0x007bb730	g_wglChoosePixelFormatARB	void *	wglChoosePixelFormatARB entry point (high)
0x007bb774	g_glCompressedTexImage2DARB	void *	glCompressedTexImage2DARB entry point (high)
0x007bb788	g_glBindProgramARB	void *	glBindProgramARB entry point (high)
0x007bb7b4	g_glBindBufferARB	void *	glBindBufferARB entry point (high)
0x007bb7bc	g_glDeleteBuffersARB	void *	glDeleteBuffersARB entry point (high)
0x007bb7ec	g_wglGetExtensionsStringARB	void *	wglGetExtensionsStringARB entry point (high)
0x007bb80c	g_glActiveTextureARB	void *	glActiveTextureARB entry point (high)
0x007bb850	g_glProgramEnvParameter4fARB	void *	glProgramEnvParameter4fARB entry point (high)
0x007bb85c	g_nGLCaps	uint	bitmask of detected GL features (bit0 bgra ... bit29 depth_texture; table at 0x0078e480) (high)
0x00832828	g_nRunScriptVar	int	nScriptVar of the last ExecuteScript call (set when argc > 2, never reset); read by GetRunScriptVar (high)
0x00832894	g_bDisableSound	int	Sound Options/Disable Sound, also set if AIL_quick_startup fails (high)
